link_id,i_node,j_node,oneway,link_modes,link_label,data_source,source_date,geom_wkt
11055850,335,330,TRUE,"{""bus""}",Hermannin rantatie,Digiroad,2021-04-07,"LINESTRING (387907 6674330, 387900.4 6674307, 387888.8 6674261, 387886.7 6674252)"
11055852,325,339,TRUE,"{""bus""}",Hermannin rantatie,Digiroad,2021-04-07,"LINESTRING (387856.2 6674070, 387868.9 6674121, 387888.4 6674202, 387894.6 6674226, 387896.1 6674232, 387898.9 6674237, 387902.3 6674243, 387921.4 6674325)"
11055855,331,336,TRUE,"{""bus""}",Hermannin rantatie,Digiroad,2021-04-07,"LINESTRING (387894.3 6674587, 387900.2 6674566, 387911.2 6674523, 387919.8 6674488, 387924.9 6674457, 387926.3 6674430, 387925.2 6674410, 387921.9 6674388, 387915.1 6674361, 387911.3 6674346)"
11055859,340,334,TRUE,"{""bus""}",Hermannin rantatie,Digiroad,2021-04-07,"LINESTRING (387926 6674342, 387926.1 6674342, 387934.4 6674381, 387939.1 6674409, 387938.5 6674441, 387933.1 6674480, 387922.9 6674527, 387919.2 6674542, 387911.7 6674569, 387904.8 6674594)"
11055870,339,340,TRUE,"{""bus""}",Hermannin rantatie,Digiroad,2021-04-07,"LINESTRING (387921.4 6674325, 387926 6674342)"
11055872,336,335,TRUE,"{""bus""}",Hermannin rantatie,Digiroad,2021-04-07,"LINESTRING (387911.3 6674346, 387907 6674330)"
11055946,297,310,FALSE,"{""bus""}",Koksikatu,Digiroad,2021-04-07,"LINESTRING (387675.5 6673641, 387676.6 6673643, 387679.9 6673648, 387688.8 6673658, 387703.9 6673674, 387727.2 6673697, 387745.9 6673717, 387756.6 6673730, 387763.8 6673744, 387768.8 6673758, 387776 6673783, 387782.8 6673814, 387791.8 6673847, 387799.7 6673878, 387805.4 6673901)"
11055958,296,297,FALSE,"{""bus""}",Koksikatu,Digiroad,2021-04-07,"LINESTRING (387674.7 6673631, 387674.5 6673635, 387675.1 6673640, 387675.5 6673641)"
11055960,299,296,FALSE,"{""bus""}",Parrulaituri,Digiroad,2021-04-07,"LINESTRING (387715.8 6673599, 387703.8 6673607, 387687.9 6673617, 387680.8 6673623, 387677 6673627, 387675.9 6673629, 387674.7 6673631)"
11055975,347,333,FALSE,"{""bus""}",Leonkatu,Digiroad,2021-04-07,"LINESTRING (387967.5 6673802, 387896.5 6673845)"
11055992,333,312,FALSE,"{""bus""}",Leonkatu,Digiroad,2021-04-07,"LINESTRING (387896.5 6673845, 387812.8 6673896)"
11056001,310,307,FALSE,"{""bus""}",Leonkatu,Digiroad,2021-04-07,"LINESTRING (387805.4 6673901, 387797.8 6673906)"
11056002,312,310,FALSE,"{""bus""}",Leonkatu,Digiroad,2021-04-07,"LINESTRING (387812.8 6673896, 387805.4 6673901)"
11065926,314,338,TRUE,"{""bus""}",Itäväylä,Digiroad,2021-04-07,"LINESTRING (387815.7 6673972, 387855.7 6673962, 387917.6 6673946)"
11065928,353,315,TRUE,"{""bus""}",Itäväylä,Digiroad,2021-04-07,"LINESTRING (388046.5 6673925, 388022.6 6673931, 388017.8 6673932, 387967.4 6673945, 387926.1 6673956, 387859.2 6673974, 387818.9 6673984)"
11065934,316,311,TRUE,"{""bus""}",Hermannin rantatie,Digiroad,2021-04-07,"LINESTRING (387820.9 6673997, 387810.8 6673958)"
11065940,308,314,TRUE,"{""bus""}",Itäväylä,Digiroad,2021-04-07,"LINESTRING (387801.6 6673976, 387815.7 6673972)"
11065941,315,309,TRUE,"{""bus""}",Itäväylä,Digiroad,2021-04-07,"LINESTRING (387818.9 6673984, 387804.6 6673988)"
12116717,301,304,FALSE,"{""bus""}",Vanha talvitie,Digiroad,2021-04-07,"LINESTRING (387729.6 6674303, 387771.4 6674380)"
12116719,319,300,FALSE,"{""bus""}",Työpajankatu,Digiroad,2021-04-07,"LINESTRING (387828.5 6674081, 387773.4 6674111, 387722.4 6674138)"
12116723,295,301,FALSE,"{""bus""}",Vanha talvitie,Digiroad,2021-04-07,"LINESTRING (387658.4 6674172, 387729.6 6674303)"
12116724,300,295,FALSE,"{""bus""}",Työpajankatu,Digiroad,2021-04-07,"LINESTRING (387722.4 6674138, 387658.4 6674172)"
439286,233,227,TRUE,"{""bus""}",Aleksis Kiven katu,Digiroad,2021-04-07,"LINESTRING (386649.5 6674263, 386630.4 6674263, 386605.3 6674265, 386585 6674266, 386571.3 6674267, 386554.9 6674270, 386536.5 6674274, 386520.1 6674277, 386503.4 6674282, 386482.3 6674289)"
439288,228,232,TRUE,"{""bus""}",Aleksis Kiven katu,Digiroad,2021-04-07,"LINESTRING (386484 6674275, 386500.3 6674270, 386517.2 6674266, 386534 6674262, 386552.9 6674258, 386569.5 6674256, 386583.9 6674254, 386604.8 6674253, 386630.2 6674251, 386645.7 6674251)"
439292,215,221,TRUE,"{""bus""}",Teollisuuskatu,Digiroad,2021-04-07,"LINESTRING (386249.4 6674749, 386274.6 6674726, 386325.5 6674676, 386356.6 6674645, 386390 6674613, 386421.8 6674582)"
439372,222,220,TRUE,"{""bus""}",Teollisuuskatu,Digiroad,2021-04-07,"LINESTRING (386430.6 6674590, 386403.9 6674617, 386371.6 6674648, 386347.6 6674671)"
439526,239,249,TRUE,"{""bus""}",Aleksis Kiven katu,Digiroad,2021-04-07,"LINESTRING (386814.3 6674246, 386960.4 6674242)"
439528,245,240,TRUE,"{""bus""}",Aleksis Kiven katu,Digiroad,2021-04-07,"LINESTRING (386945.3 6674254, 386931.7 6674255, 386817.5 6674258)"
439530,236,244,TRUE,"{""bus""}",Teollisuuskatu,Digiroad,2021-04-07,"LINESTRING (386719.3 6674373, 386753 6674358, 386793.5 6674341, 386839.2 6674324, 386884.1 6674306, 386931.3 6674288, 386938.3 6674285)"
439534,241,237,TRUE,"{""bus""}",Teollisuuskatu,Digiroad,2021-04-07,"LINESTRING (386840.4 6674335, 386817.2 6674343, 386790.7 6674353, 386764.6 6674366, 386725.7 6674384)"
439537,231,229,TRUE,"{""bus""}",Teollisuuskatu,Digiroad,2021-04-07,"LINESTRING (386615.1 6674447, 386599 6674457, 386564.9 6674481)"
439547,242,241,TRUE,"{""bus""}",Teollisuuskatu,Digiroad,2021-04-07,"LINESTRING (386922.8 6674305, 386840.4 6674335)"
439551,243,242,TRUE,"{""bus""}",Teollisuuskatu,Digiroad,2021-04-07,"LINESTRING (386937.5 6674300, 386922.8 6674305)"
439552,235,231,TRUE,"{""bus""}",Teollisuuskatu,Digiroad,2021-04-07,"LINESTRING (386692 6674404, 386651 6674426, 386625.1 6674441, 386615.1 6674447)"
439553,230,234,TRUE,"{""bus""}",Teollisuuskatu,Digiroad,2021-04-07,"LINESTRING (386608.5 6674437, 386636 6674420, 386682 6674394)"
439555,237,235,TRUE,"{""bus""}",Teollisuuskatu,Digiroad,2021-04-07,"LINESTRING (386725.7 6674384, 386709.3 6674394, 386692 6674404)"
439556,234,236,TRUE,"{""bus""}",Teollisuuskatu,Digiroad,2021-04-07,"LINESTRING (386682 6674394, 386687.8 6674391, 386719.3 6674373)"
439609,253,246,TRUE,"{""bus""}",Teollisuuskatu,Digiroad,2021-04-07,"LINESTRING (386966 6674290, 386949.1 6674296)"
439613,253,250,TRUE,"{""bus""}",,Digiroad,2021-04-07,"LINESTRING (386966 6674290, 386960.9 6674276)"
439615,255,253,TRUE,"{""bus""}",Teollisuuskatu,Digiroad,2021-04-07,"LINESTRING (386970 6674289, 386966 6674290)"
439616,250,252,TRUE,"{""bus""}",Teollisuuskatu,Digiroad,2021-04-07,"LINESTRING (386960.9 6674276, 386965.8 6674275)"
439617,252,254,TRUE,"{""bus""}",Teollisuuskatu,Digiroad,2021-04-07,"LINESTRING (386965.8 6674275, 386969.8 6674274)"
439618,246,243,TRUE,"{""bus""}",Teollisuuskatu,Digiroad,2021-04-07,"LINESTRING (386949.1 6674296, 386937.5 6674300)"
439621,244,250,TRUE,"{""bus""}",Teollisuuskatu,Digiroad,2021-04-07,"LINESTRING (386938.3 6674285, 386960.9 6674276)"
439627,263,257,TRUE,"{""bus""}",Junatie,Digiroad,2021-04-07,"LINESTRING (387122.2 6674239, 387088.6 6674251)"
439629,256,262,TRUE,"{""bus""}",Junatie,Digiroad,2021-04-07,"LINESTRING (387087.4 6674242, 387120.2 6674231)"
439633,254,256,TRUE,"{""bus""}",Teollisuuskatu,Digiroad,2021-04-07,"LINESTRING (386969.8 6674274, 387087.4 6674242)"
439635,257,255,TRUE,"{""bus""}",Teollisuuskatu,Digiroad,2021-04-07,"LINESTRING (387088.6 6674251, 386970 6674289)"
439639,247,245,TRUE,"{""bus""}",Aleksis Kiven katu,Digiroad,2021-04-07,"LINESTRING (386955.2 6674254, 386945.3 6674254)"
439641,250,248,TRUE,"{""bus""}",,Digiroad,2021-04-07,"LINESTRING (386960.9 6674276, 386957.6 6674263, 386957.1 6674261)"
439642,248,247,TRUE,"{""bus""}",,Digiroad,2021-04-07,"LINESTRING (386957.1 6674261, 386955.2 6674254)"
439644,251,254,TRUE,"{""bus""}",,Digiroad,2021-04-07,"LINESTRING (386963.1 6674253, 386969.8 6674274)"
439647,249,251,TRUE,"{""bus""}",,Digiroad,2021-04-07,"LINESTRING (386960.4 6674242, 386963.1 6674253)"
439649,259,258,TRUE,"{""bus""}",Hämeentie,Digiroad,2021-04-07,"LINESTRING (387103.9 6674262, 387095.7 6674229)"
439658,262,265,TRUE,"{""bus""}",Junatie,Digiroad,2021-04-07,"LINESTRING (387120.2 6674231, 387204.1 6674205)"
439661,260,261,TRUE,"{""bus""}",Hämeentie,Digiroad,2021-04-07,"LINESTRING (387106.5 6674226, 387115.3 6674256)"
439662,264,263,TRUE,"{""bus""}",Junatie,Digiroad,2021-04-07,"LINESTRING (387194.5 6674217, 387122.2 6674239)"
439669,269,266,FALSE,"{""bus""}",Lautatarhankatu,Digiroad,2021-04-07,"LINESTRING (387259.7 6674230, 387230.6 6674239)"
439670,267,264,TRUE,"{""bus""}",Junatie,Digiroad,2021-04-07,"LINESTRING (387236.3 6674201, 387194.5 6674217)"
439671,266,264,TRUE,"{""bus""}",,Digiroad,2021-04-07,"LINESTRING (387230.6 6674239, 387228.5 6674234, 387223.8 6674228, 387217.4 6674222, 387207.8 6674217, 387194.5 6674217)"
439673,265,268,TRUE,"{""bus""}",Junatie,Digiroad,2021-04-07,"LINESTRING (387204.1 6674205, 387227.7 6674199, 387245.7 6674196)"
439674,268,267,TRUE,"{""bus""}",Junatie,Digiroad,2021-04-07,"LINESTRING (387245.7 6674196, 387236.3 6674201)"
439688,238,233,TRUE,"{""bus""}",Aleksis Kiven katu,Digiroad,2021-04-07,"LINESTRING (386802.6 6674258, 386649.5 6674263)"
439689,232,239,TRUE,"{""bus""}",Aleksis Kiven katu,Digiroad,2021-04-07,"LINESTRING (386645.7 6674251, 386814.3 6674246)"
439697,240,238,TRUE,"{""bus""}",Aleksis Kiven katu,Digiroad,2021-04-07,"LINESTRING (386817.5 6674258, 386815.3 6674258, 386802.6 6674258)"
439742,225,230,TRUE,"{""bus""}",Teollisuuskatu,Digiroad,2021-04-07,"LINESTRING (386451.7 6674556, 386476.7 6674535, 386511.5 6674505, 386553.2 6674474, 386590 6674448, 386608.5 6674437)"
439744,227,219,TRUE,"{""bus""}",Aleksis Kiven katu,Digiroad,2021-04-07,"LINESTRING (386482.3 6674289, 386476.2 6674291, 386464.1 6674295, 386442.2 6674304, 386424.1 6674314, 386400.4 6674327, 386377.1 6674343, 386352.8 6674362, 386332.9 6674379, 386301.5 6674407)"
439745,217,228,TRUE,"{""bus""}",Aleksis Kiven katu,Digiroad,2021-04-07,"LINESTRING (386283.1 6674405, 386327 6674368, 386345.2 6674353, 386370.1 6674334, 386394 6674317, 386418.3 6674303, 386437 6674293, 386459.8 6674284, 386476.2 6674278, 386484 6674275)"
439753,229,226,TRUE,"{""bus""}",Teollisuuskatu,Digiroad,2021-04-07,"LINESTRING (386564.9 6674481, 386548.7 6674491, 386513.8 6674518, 386483.4 6674542, 386457.8 6674563)"
439755,223,225,TRUE,"{""bus""}",Teollisuuskatu,Digiroad,2021-04-07,"LINESTRING (386441.5 6674565, 386446.2 6674561, 386451.7 6674556)"
439756,224,222,TRUE,"{""bus""}",Teollisuuskatu,Digiroad,2021-04-07,"LINESTRING (386447.8 6674572, 386438.1 6674581, 386430.6 6674590)"
439759,226,224,TRUE,"{""bus""}",Teollisuuskatu,Digiroad,2021-04-07,"LINESTRING (386457.8 6674563, 386447.8 6674572)"
439761,221,223,TRUE,"{""bus""}",Teollisuuskatu,Digiroad,2021-04-07,"LINESTRING (386421.8 6674582, 386441.5 6674565)"
440245,365,367,TRUE,"{""bus""}",Itäväylä,Digiroad,2021-04-07,"LINESTRING (389170.9 6673946, 389195 6673960, 389231.6 6673981, 389284.3 6674007, 389351.5 6674033, 389412.1 6674049, 389459.4 6674058)"
440246,366,364,TRUE,"{""bus""}",Itäväylä,Digiroad,2021-04-07,"LINESTRING (389457.8 6674072, 389408.9 6674061, 389364.8 6674050, 389312.9 6674032, 389256 6674007, 389205.7 6673981, 389166.4 6673958)"
440256,368,366,TRUE,"{""bus""}",Itäväylä,Digiroad,2021-04-07,"LINESTRING (389479.4 6674076, 389457.8 6674072)"
440257,367,369,TRUE,"{""bus""}",Itäväylä,Digiroad,2021-04-07,"LINESTRING (389459.4 6674058, 389480.7 6674061)"
440271,364,362,TRUE,"{""bus""}",Itäväylä,Digiroad,2021-04-07,"LINESTRING (389166.4 6673958, 389154 6673950)"
440272,363,365,TRUE,"{""bus""}",Itäväylä,Digiroad,2021-04-07,"LINESTRING (389157.9 6673938, 389170.9 6673946)"
440361,322,329,FALSE,"{""bus""}",Vanha talvitie,Digiroad,2021-04-07,"LINESTRING (387840.5 6674505, 387868.3 6674556, 387879.3 6674575, 387884.4 6674580)"
440362,329,331,FALSE,"{""bus""}",Vanha talvitie,Digiroad,2021-04-07,"LINESTRING (387884.4 6674580, 387894.3 6674587)"
440363,331,334,FALSE,"{""bus""}",Vanha talvitie,Digiroad,2021-04-07,"LINESTRING (387894.3 6674587, 387904.8 6674594)"
440365,313,322,FALSE,"{""bus""}",Vanha talvitie,Digiroad,2021-04-07,"LINESTRING (387814.3 6674458, 387840.5 6674505)"
440370,304,313,FALSE,"{""bus""}",Vanha talvitie,Digiroad,2021-04-07,"LINESTRING (387771.4 6674380, 387814.3 6674458)"
440385,328,323,TRUE,"{""bus""}",Hermannin rantatie,Digiroad,2021-04-07,"LINESTRING (387881.3 6674229, 387863.2 6674162, 387849 6674106, 387841.6 6674074)"
440393,330,328,TRUE,"{""bus""}",Hermannin rantatie,Digiroad,2021-04-07,"LINESTRING (387886.7 6674252, 387881.3 6674229)"
440406,324,325,TRUE,"{""bus""}",Hermannin rantatie,Digiroad,2021-04-07,"LINESTRING (387841.7 6674011, 387856.2 6674070)"
440408,325,323,FALSE,"{""bus""}",Työpajankatu,Digiroad,2021-04-07,"LINESTRING (387856.2 6674070, 387841.6 6674074)"
440411,318,324,TRUE,"{""bus""}",Hermannin rantatie,Digiroad,2021-04-07,"LINESTRING (387827.5 6673953, 387841.7 6674011)"
440415,309,303,TRUE,"{""bus""}",Itäväylä,Digiroad,2021-04-07,"LINESTRING (387804.6 6673988, 387770.6 6673996)"
440418,280,271,FALSE,"{""bus""}",Lautatarhankatu,Digiroad,2021-04-07,"LINESTRING (387460 6674169, 387347.3 6674204)"
440446,284,274,FALSE,"{""bus""}",Junatie,Digiroad,2021-04-07,"LINESTRING (387511.3 6674090, 387491.4 6674104, 387472 6674117, 387464.5 6674122, 387449.7 6674130, 387432.6 6674137)"
440447,294,286,FALSE,"{""bus""}",Työpajankatu,Digiroad,2021-04-07,"LINESTRING (387627.5 6674189, 387524.6 6674245)"
440451,283,285,FALSE,"{""bus""}",Tynnyrintekijänkatu,Digiroad,2021-04-07,"LINESTRING (387476 6674174, 387483.4 6674188, 387516.3 6674249)"
440452,288,282,FALSE,"{""bus""}",Lautatarhankatu,Digiroad,2021-04-07,"LINESTRING (387555.6 6674115, 387520.8 6674135, 387485.4 6674153, 387470.4 6674164)"
440455,286,285,FALSE,"{""bus""}",Työpajankatu,Digiroad,2021-04-07,"LINESTRING (387524.6 6674245, 387516.3 6674249)"
440457,291,292,FALSE,"{""bus""}",Panimokatu,Digiroad,2021-04-07,"LINESTRING (387578.8 6674107, 387581.9 6674108, 387583.7 6674110, 387585 6674112)"
440458,291,290,FALSE,"{""bus""}",Lautatarhankatu,Digiroad,2021-04-07,"LINESTRING (387578.8 6674107, 387577.7 6674106, 387575.6 6674106, 387574.2 6674106, 387572.1 6674106, 387569.8 6674108)"
440459,289,288,FALSE,"{""bus""}",Lautatarhankatu,Digiroad,2021-04-07,"LINESTRING (387564.1 6674111, 387555.6 6674115)"
440461,290,289,FALSE,"{""bus""}",Lautatarhankatu,Digiroad,2021-04-07,"LINESTRING (387569.8 6674108, 387564.1 6674111)"
440466,281,282,TRUE,"{""bus""}",Sörnäisten rantatie,Digiroad,2021-04-07,"LINESTRING (387469.6 6674150, 387470.4 6674164)"
440468,282,283,FALSE,"{""bus""}",Tynnyrintekijänkatu,Digiroad,2021-04-07,"LINESTRING (387470.4 6674164, 387475 6674172, 387476 6674174)"
440470,282,280,FALSE,"{""bus""}",Lautatarhankatu,Digiroad,2021-04-07,"LINESTRING (387470.4 6674164, 387460 6674169)"
440475,279,281,TRUE,"{""bus""}",Sörnäisten rantatie,Digiroad,2021-04-07,"LINESTRING (387455.5 6674123, 387469.6 6674150)"
440478,273,276,TRUE,"{""bus""}",Pääskylänkatu,Digiroad,2021-04-07,"LINESTRING (387429 6674107, 387435.4 6674105)"
440479,295,294,FALSE,"{""bus""}",Työpajankatu,Digiroad,2021-04-07,"LINESTRING (387658.4 6674172, 387627.5 6674189)"
440480,292,294,FALSE,"{""bus""}",Panimokatu,Digiroad,2021-04-07,"LINESTRING (387585 6674112, 387597.7 6674135, 387618.1 6674172, 387627.5 6674189)"
440505,265,270,TRUE,"{""bus""}",,Digiroad,2021-04-07,"LINESTRING (387204.1 6674205, 387225.6 6674194, 387258 6674178, 387290.8 6674163, 387311.3 6674152)"
440507,270,272,TRUE,"{""bus""}",Pääskylänkatu,Digiroad,2021-04-07,"LINESTRING (387311.3 6674152, 387354.5 6674135, 387357 6674134)"
440508,271,269,FALSE,"{""bus""}",Lautatarhankatu,Digiroad,2021-04-07,"LINESTRING (387347.3 6674204, 387259.7 6674230)"
440511,272,273,TRUE,"{""bus""}",Pääskylänkatu,Digiroad,2021-04-07,"LINESTRING (387357 6674134, 387429 6674107)"
440603,348,347,FALSE,"{""bus""}",Leonkatu,Digiroad,2021-04-07,"LINESTRING (387972.7 6673798, 387967.5 6673802)"
440607,312,318,TRUE,"{""bus""}",Hermannin rantatie,Digiroad,2021-04-07,"LINESTRING (387812.8 6673896, 387827.5 6673953)"
440624,355,353,TRUE,"{""bus""}",Itäväylä,Digiroad,2021-04-07,"LINESTRING (388381.1 6673839, 388099 6673911, 388076.9 6673917, 388046.5 6673925)"
440640,345,306,FALSE,"{""bus""}",Parrulaituri,Digiroad,2021-04-07,"LINESTRING (387945.7 6673489, 387827.6 6673524, 387789.3 6673550)"
440648,350,351,FALSE,"{""bus""}",Junonkatu,Digiroad,2021-04-07,"LINESTRING (388000.4 6673701, 388018.6 6673770)"
440650,351,348,FALSE,"{""bus""}",Leonkatu,Digiroad,2021-04-07,"LINESTRING (388018.6 6673770, 387972.7 6673798)"
440658,349,350,FALSE,"{""bus""}",Junonkatu,Digiroad,2021-04-07,"LINESTRING (387982.9 6673634, 388000.4 6673701)"
440661,345,346,FALSE,"{""bus""}",Junonkatu,Digiroad,2021-04-07,"LINESTRING (387945.7 6673489, 387962.5 6673557)"
440663,346,349,FALSE,"{""bus""}",Junonkatu,Digiroad,2021-04-07,"LINESTRING (387962.5 6673557, 387982.9 6673634)"
440697,361,363,TRUE,"{""bus""}",Itäväylä,Digiroad,2021-04-07,"LINESTRING (388793.7 6673794, 388840.1 6673804, 388899.2 6673819, 388949.6 6673835, 388997.9 6673853, 389056.4 6673879, 389096 6673900, 389150.1 6673934, 389157.9 6673938)"
440698,362,360,TRUE,"{""bus""}",Itäväylä,Digiroad,2021-04-07,"LINESTRING (389154 6673950, 389131 6673936, 389078.7 6673905, 389029.4 6673880, 388984.1 6673861, 388929.6 6673841, 388875 6673824, 388817.5 6673810, 388789.3 6673805)"
440701,356,359,TRUE,"{""bus""}",Itäväylä,Digiroad,2021-04-07,"LINESTRING (388515.3 6673794, 388553.5 6673787, 388598.5 6673782, 388637.5 6673779, 388683.6 6673781, 388730.9 6673784, 388775.6 6673791, 388777.6 6673791)"
440706,358,357,TRUE,"{""bus""}",Itäväylä,Digiroad,2021-04-07,"LINESTRING (388773.5 6673802, 388769.1 6673801, 388727.4 6673796, 388671 6673792, 388570.7 6673798)"
440709,357,355,TRUE,"{""bus""}",Itäväylä,Digiroad,2021-04-07,"LINESTRING (388570.7 6673798, 388527.5 6673806, 388442.6 6673825, 388381.1 6673839)"
440711,354,356,TRUE,"{""bus""}",Itäväylä,Digiroad,2021-04-07,"LINESTRING (388379.5 6673827, 388442.6 6673812, 388489.4 6673800, 388515.3 6673794)"
440717,360,358,TRUE,"{""bus""}",Itäväylä,Digiroad,2021-04-07,"LINESTRING (388789.3 6673805, 388773.5 6673802)"
440718,359,361,TRUE,"{""bus""}",Itäväylä,Digiroad,2021-04-07,"LINESTRING (388777.6 6673791, 388793.7 6673794)"
443153,369,371,TRUE,"{""bus""}",Itäväylä,Digiroad,2021-04-07,"LINESTRING (389480.7 6674061, 389523.9 6674068, 389583.3 6674075, 389634.3 6674078, 389676.9 6674083, 389724.8 6674089, 389765.9 6674097, 389815.9 6674111)"
443154,370,368,TRUE,"{""bus""}",Itäväylä,Digiroad,2021-04-07,"LINESTRING (389807.9 6674134, 389752.9 6674121, 389705 6674110, 389651.1 6674102, 389594.6 6674093, 389528.4 6674084, 389479.4 6674076)"
6482290,302,308,TRUE,"{""bus""}",Itäväylä,Digiroad,2021-04-07,"LINESTRING (387763.9 6673985, 387801.6 6673976)"
7411175,317,316,TRUE,"{""bus""}",Hermannin rantatie,Digiroad,2021-04-07,"LINESTRING (387825.6 6674015, 387820.9 6673997)"
7411178,323,320,TRUE,"{""bus""}",Hermannin rantatie,Digiroad,2021-04-07,"LINESTRING (387841.6 6674074, 387834.4 6674049)"
7411181,323,321,FALSE,"{""bus""}",Työpajankatu,Digiroad,2021-04-07,"LINESTRING (387841.6 6674074, 387836.8 6674076)"
7411183,321,319,FALSE,"{""bus""}",Työpajankatu,Digiroad,2021-04-07,"LINESTRING (387836.8 6674076, 387828.5 6674081)"
7411184,320,317,TRUE,"{""bus""}",Hermannin rantatie,Digiroad,2021-04-07,"LINESTRING (387834.4 6674049, 387829.2 6674028, 387825.6 6674015)"
7411198,274,268,FALSE,"{""bus""}",Junatie,Digiroad,2021-04-07,"LINESTRING (387432.6 6674137, 387402.8 6674149, 387375 6674158, 387303.3 6674179, 387245.7 6674196)"
7411200,293,287,FALSE,"{""bus""}",Junatie,Digiroad,2021-04-07,"LINESTRING (387603 6674037, 387589.9 6674043, 387570.7 6674051, 387553.6 6674062)"
7411211,298,293,FALSE,"{""bus""}",Junatie,Digiroad,2021-04-07,"LINESTRING (387694.6 6674012, 387670.3 6674017, 387634.7 6674027, 387603 6674037)"
7411215,298,302,TRUE,"{""bus""}",,Digiroad,2021-04-07,"LINESTRING (387694.6 6674012, 387716 6674003, 387746.6 6673992, 387763.9 6673985)"
7411216,303,298,TRUE,"{""bus""}",Itäväylä,Digiroad,2021-04-07,"LINESTRING (387770.6 6673996, 387738.2 6674003, 387698 6674011, 387694.6 6674012)"
7411229,287,284,FALSE,"{""bus""}",Junatie,Digiroad,2021-04-07,"LINESTRING (387553.6 6674062, 387531.9 6674076, 387511.3 6674090)"
7411263,352,354,TRUE,"{""bus""}",Itäväylä,Digiroad,2021-04-07,"LINESTRING (388037.9 6673916, 388047.2 6673913, 388076.4 6673906, 388099.8 6673900, 388379.5 6673827)"
7411275,338,352,TRUE,"{""bus""}",Itäväylä,Digiroad,2021-04-07,"LINESTRING (387917.6 6673946, 387923.2 6673945, 387972.4 6673932, 388015.2 6673922, 388020.5 6673920, 388037.9 6673916)"
7411280,311,307,TRUE,"{""bus""}",Hermannin rantatie,Digiroad,2021-04-07,"LINESTRING (387810.8 6673958, 387797.8 6673906)"
7411304,306,299,FALSE,"{""bus""}",Parrulaituri,Digiroad,2021-04-07,"LINESTRING (387789.3 6673550, 387720.2 6673596, 387715.8 6673599)"
10880268,82,79,TRUE,"{""bus""}",Hakamäentie,Digiroad,2021-04-07,"LINESTRING (384137.2 6676471, 384122.5 6676472, 384095.3 6676468, 384048.1 6676463, 384047.9 6676463)"
10880271,80,81,TRUE,"{""bus""}",Hakamäentie,Digiroad,2021-04-07,"LINESTRING (384049.8 6676437, 384055.2 6676438, 384086.9 6676444, 384124.2 6676450, 384136.8 6676456)"
10880274,79,77,TRUE,"{""bus""}",Hakamäentie,Digiroad,2021-04-07,"LINESTRING (384047.9 6676463, 383982.7 6676456, 383959.3 6676453, 383923.8 6676449, 383886.6 6676446, 383854.1 6676445, 383836.7 6676444, 383827 6676442)"
10880275,78,80,TRUE,"{""bus""}",Hakamäentie,Digiroad,2021-04-07,"LINESTRING (383842.6 6676415, 383871.5 6676415, 383894.1 6676417, 383928.5 6676420, 383960.6 6676423, 383988 6676427, 384019.8 6676431, 384049.8 6676437)"
11530158,88,96,TRUE,"{""bus""}",Ilmalankatu,Digiroad,2021-04-07,"LINESTRING (384434.2 6676478, 384442.1 6676477, 384469.7 6676471, 384482.5 6676466, 384490.4 6676458, 384495.2 6676447, 384495.4 6676445)"
11530160,96,95,TRUE,"{""bus""}",Ilmalankatu,Digiroad,2021-04-07,"LINESTRING (384495.4 6676445, 384495 6676436, 384493.8 6676428)"
433398,109,106,FALSE,"{""bus""}",Ilmalanreuna,Digiroad,2021-04-07,"LINESTRING (384674.9 6676403, 384675 6676419, 384670.6 6676437, 384667.2 6676454, 384665.5 6676458)"
433400,107,109,FALSE,"{""bus""}",Ilmalanreuna,Digiroad,2021-04-07,"LINESTRING (384670.4 6676384, 384673.3 6676394, 384674.9 6676403)"
433567,116,118,TRUE,"{""bus""}",Radiokatu,Digiroad,2021-04-07,"LINESTRING (384929.8 6675779, 385012.5 6675796)"
433568,117,115,TRUE,"{""bus""}",Radiokatu,Digiroad,2021-04-07,"LINESTRING (385010.6 6675806, 384927.6 6675790)"
433589,104,108,FALSE,"{""bus""}",Radiokatu,Digiroad,2021-04-07,"LINESTRING (384637.1 6676055, 384649.9 6676078, 384663.5 6676102, 384672 6676117, 384676.3 6676126, 384674.1 6676149)"
433686,122,121,TRUE,"{""bus""}",Pasilankatu,Digiroad,2021-04-07,"LINESTRING (385035.8 6675792, 385043.5 6675797, 385046 6675806, 385041.1 6675816, 385033.2 6675818)"
433687,121,119,TRUE,"{""bus""}",Pasilankatu,Digiroad,2021-04-07,"LINESTRING (385033.2 6675818, 385030.7 6675818, 385022.7 6675814, 385020.2 6675808)"
433688,120,122,TRUE,"{""bus""}",Pasilankatu,Digiroad,2021-04-07,"LINESTRING (385022 6675798, 385025.1 6675795, 385034.8 6675792, 385035.8 6675792)"
433689,119,117,TRUE,"{""bus""}",Radiokatu,Digiroad,2021-04-07,"LINESTRING (385020.2 6675808, 385010.6 6675806)"
433690,118,120,TRUE,"{""bus""}",Radiokatu,Digiroad,2021-04-07,"LINESTRING (385012.5 6675796, 385022 6675798)"
433692,119,120,TRUE,"{""bus""}",Pasilankatu,Digiroad,2021-04-07,"LINESTRING (385020.2 6675808, 385020.1 6675803, 385022 6675798)"
433696,110,105,FALSE,"{""bus""}",Radiokatu,Digiroad,2021-04-07,"LINESTRING (384688.1 6675833, 384646.8 6675902)"
433697,112,113,TRUE,"{""bus""}",Radiokatu,Digiroad,2021-04-07,"LINESTRING (384742.3 6675741, 384841.3 6675762)"
433698,114,111,TRUE,"{""bus""}",Radiokatu,Digiroad,2021-04-07,"LINESTRING (384842.2 6675772, 384736.3 6675751)"
433700,105,104,FALSE,"{""bus""}",Radiokatu,Digiroad,2021-04-07,"LINESTRING (384646.8 6675902, 384627.3 6675935, 384615.2 6675956, 384605.7 6675976, 384603.6 6675984, 384604.9 6675994, 384609.5 6676005, 384613.7 6676013, 384614.5 6676014, 384621.1 6676027, 384634.6 6676051, 384637.1 6676055)"
433703,113,116,TRUE,"{""bus""}",Radiokatu,Digiroad,2021-04-07,"LINESTRING (384841.3 6675762, 384929.8 6675779)"
433705,115,114,TRUE,"{""bus""}",Radiokatu,Digiroad,2021-04-07,"LINESTRING (384927.6 6675790, 384842.2 6675772)"
433709,111,110,FALSE,"{""bus""}",Radiokatu,Digiroad,2021-04-07,"LINESTRING (384736.3 6675751, 384730.4 6675760, 384726.2 6675766, 384688.1 6675833)"
433716,112,111,FALSE,"{""bus""}",Radiokatu,Digiroad,2021-04-07,"LINESTRING (384742.3 6675741, 384736.3 6675751)"
438943,123,122,FALSE,"{""bus""}",Pasilankatu,Digiroad,2021-04-07,"LINESTRING (385087.1 6675527, 385052.4 6675699, 385044.5 6675748, 385035.8 6675792)"
439000,124,123,FALSE,"{""bus""}",Pasilankatu,Digiroad,2021-04-07,"LINESTRING (385090.7 6675509, 385088.4 6675521, 385087.1 6675527)"
449406,83,82,TRUE,"{""bus""}",Hakamäentie,Digiroad,2021-04-07,"LINESTRING (384244.8 6676492, 384137.2 6676471)"
449410,81,84,TRUE,"{""bus""}",Hakamäentie,Digiroad,2021-04-07,"LINESTRING (384136.8 6676456, 384251.8 6676477)"
449466,107,102,FALSE,"{""bus""}",Ilmalanrinne,Digiroad,2021-04-07,"LINESTRING (384670.4 6676384, 384643.9 6676390, 384614.7 6676396, 384571.1 6676405, 384538.7 6676412, 384524.2 6676415)"
449468,103,101,TRUE,"{""bus""}",Ilmalanreuna,Digiroad,2021-04-07,"LINESTRING (384565.4 6676560, 384555 6676565, 384544.7 6676567, 384529 6676564, 384515.6 6676556)"
449469,106,103,FALSE,"{""bus""}",Ilmalanreuna,Digiroad,2021-04-07,"LINESTRING (384665.5 6676458, 384656.1 6676468, 384638.5 6676488, 384625 6676502, 384607.8 6676522, 384593.8 6676538, 384577 6676554, 384565.4 6676560)"
449474,98,91,TRUE,"{""bus""}",Ilmalanreuna,Digiroad,2021-04-07,"LINESTRING (384501.3 6676539, 384494.4 6676529, 384482.6 6676517, 384469.3 6676511, 384446.2 6676506)"
449480,91,89,TRUE,"{""bus""}",Ilmalanreuna,Digiroad,2021-04-07,"LINESTRING (384446.2 6676506, 384437.5 6676505)"
449483,89,85,TRUE,"{""bus""}",Ilmalanreuna,Digiroad,2021-04-07,"LINESTRING (384437.5 6676505, 384406 6676508, 384370.6 6676509, 384332.9 6676508, 384303.6 6676504, 384289.3 6676501, 384280.7 6676497)"
449489,101,98,TRUE,"{""bus""}",Ilmalanreuna,Digiroad,2021-04-07,"LINESTRING (384515.6 6676556, 384506.6 6676546, 384501.3 6676539)"
449491,99,95,TRUE,"{""bus""}",Ilmalankatu,Digiroad,2021-04-07,"LINESTRING (384509.3 6676430, 384500.2 6676431, 384493.8 6676428)"
449493,97,100,TRUE,"{""bus""}",Ilmalankatu,Digiroad,2021-04-07,"LINESTRING (384497.3 6676408, 384504.3 6676408, 384508 6676409, 384513.6 6676413, 384515.4 6676416)"
449494,93,92,TRUE,"{""bus""}",Ilmalankatu,Digiroad,2021-04-07,"LINESTRING (384490.2 6676420, 384485.6 6676413, 384483.1 6676410)"
449495,95,93,TRUE,"{""bus""}",Ilmalankatu,Digiroad,2021-04-07,"LINESTRING (384493.8 6676428, 384491.7 6676425, 384490.2 6676420)"
449496,93,97,TRUE,"{""bus""}",Ilmalankatu,Digiroad,2021-04-07,"LINESTRING (384490.2 6676420, 384490.4 6676416, 384494.3 6676410, 384497.3 6676408)"
449499,100,99,TRUE,"{""bus""}",Ilmalankatu,Digiroad,2021-04-07,"LINESTRING (384515.4 6676416, 384515.3 6676420, 384511.3 6676429, 384509.3 6676430)"
449500,102,100,FALSE,"{""bus""}",Ilmalanrinne,Digiroad,2021-04-07,"LINESTRING (384524.2 6676415, 384515.4 6676416)"
449503,94,97,TRUE,"{""bus""}",Ilmalankatu,Digiroad,2021-04-07,"LINESTRING (384490.5 6676404, 384497.3 6676408)"
449505,108,90,FALSE,"{""bus""}",Ilmalankatu,Digiroad,2021-04-07,"LINESTRING (384674.1 6676149, 384469.3 6676263, 384457.9 6676270, 384445.6 6676279, 384438.2 6676287)"
449507,90,94,TRUE,"{""bus""}",Ilmalankatu,Digiroad,2021-04-07,"LINESTRING (384438.2 6676287, 384432.1 6676304, 384429.3 6676316, 384428 6676330, 384429.8 6676343, 384434.2 6676357, 384442.4 6676371, 384453.3 6676381, 384466.3 6676390, 384483.2 6676400, 384490.5 6676404)"
449508,92,90,TRUE,"{""bus""}",Ilmalankatu,Digiroad,2021-04-07,"LINESTRING (384483.1 6676410, 384466.9 6676398, 384448.4 6676385, 384435.7 6676372, 384428 6676359, 384423.8 6676344, 384422.1 6676326, 384423.6 6676313, 384429 6676298, 384438.2 6676287)"
450203,60,58,TRUE,"{""bus""}",Vihdintie,Digiroad,2021-04-07,"LINESTRING (383344.4 6676485, 383181 6676530)"
450206,57,59,TRUE,"{""bus""}",Vihdintie,Digiroad,2021-04-07,"LINESTRING (383177.3 6676516, 383231.8 6676501, 383280.8 6676485, 383316.5 6676474, 383340.3 6676468)"
450364,71,74,TRUE,"{""bus""}",Hakamäentie,Digiroad,2021-04-07,"LINESTRING (383590.6 6676424, 383611.3 6676423, 383666.9 6676421, 383699.3 6676420)"
450365,73,72,TRUE,"{""bus""}",Hakamäentie,Digiroad,2021-04-07,"LINESTRING (383699.1 6676433, 383680.5 6676433, 383629.5 6676435, 383591.5 6676437)"
450379,70,68,TRUE,"{""bus""}",Vihdintie,Digiroad,2021-04-07,"LINESTRING (383580.8 6676440, 383567 6676446)"
450382,67,69,TRUE,"{""bus""}",Vihdintie,Digiroad,2021-04-07,"LINESTRING (383564.6 6676415, 383580.1 6676424)"
450383,68,66,TRUE,"{""bus""}",Vihdintie,Digiroad,2021-04-07,"LINESTRING (383567 6676446, 383557.8 6676449, 383554.4 6676450)"
450384,72,70,TRUE,"{""bus""}",Hakamäentie,Digiroad,2021-04-07,"LINESTRING (383591.5 6676437, 383580.8 6676440)"
450387,69,71,TRUE,"{""bus""}",Hakamäentie,Digiroad,2021-04-07,"LINESTRING (383580.1 6676424, 383590.6 6676424)"
450388,65,67,TRUE,"{""bus""}",Vihdintie,Digiroad,2021-04-07,"LINESTRING (383551.6 6676416, 383564.6 6676415)"
450398,63,65,TRUE,"{""bus""}",Vihdintie,Digiroad,2021-04-07,"LINESTRING (383364.1 6676464, 383373.6 6676454, 383396.1 6676446, 383447.3 6676433, 383495.7 6676423, 383535.7 6676417, 383551.6 6676416)"
450399,66,64,TRUE,"{""bus""}",Vihdintie,Digiroad,2021-04-07,"LINESTRING (383554.4 6676450, 383545.6 6676452, 383520.4 6676455, 383494.1 6676458, 383475.4 6676460, 383444.5 6676466, 383422.6 6676471, 383400.7 6676473, 383383.6 6676475, 383368 6676478)"
450411,64,62,TRUE,"{""bus""}",Vihdintie,Digiroad,2021-04-07,"LINESTRING (383368 6676478, 383361.2 6676480)"
450413,62,60,TRUE,"{""bus""}",Vihdintie,Digiroad,2021-04-07,"LINESTRING (383361.2 6676480, 383344.4 6676485)"
450415,59,61,TRUE,"{""bus""}",Vihdintie,Digiroad,2021-04-07,"LINESTRING (383340.3 6676468, 383353.7 6676466)"
450416,61,63,TRUE,"{""bus""}",Vihdintie,Digiroad,2021-04-07,"LINESTRING (383353.7 6676466, 383364.1 6676464)"
6482553,74,76,TRUE,"{""bus""}",Hakamäentie,Digiroad,2021-04-07,"LINESTRING (383699.3 6676420, 383708.6 6676420, 383732.9 6676420, 383764 6676420, 383782.3 6676420, 383794.7 6676418, 383799.4 6676418)"
6482555,75,73,TRUE,"{""bus""}",Hakamäentie,Digiroad,2021-04-07,"LINESTRING (383799.1 6676436, 383797.3 6676435, 383788 6676435, 383776 6676434, 383745.2 6676433, 383722 6676432, 383699.1 6676433)"
6482558,76,78,TRUE,"{""bus""}",Hakamäentie,Digiroad,2021-04-07,"LINESTRING (383799.4 6676418, 383803.8 6676417, 383815.8 6676414, 383830.5 6676413, 383842.6 6676415)"
6482561,77,75,TRUE,"{""bus""}",Hakamäentie,Digiroad,2021-04-07,"LINESTRING (383827 6676442, 383818.5 6676441, 383806.2 6676438, 383799.1 6676436)"
7316975,86,87,TRUE,"{""bus""}",Ilmalankatu,Digiroad,2021-04-07,"LINESTRING (384323.1 6676485, 384334.2 6676481, 384360.5 6676481, 384407 6676481, 384425 6676479)"
7316981,84,86,TRUE,"{""bus""}",Hakamäentie,Digiroad,2021-04-07,"LINESTRING (384251.8 6676477, 384252.5 6676477, 384299.1 6676483, 384323.1 6676485)"
7316983,85,83,TRUE,"{""bus""}",Hakamäentie,Digiroad,2021-04-07,"LINESTRING (384280.7 6676497, 384244.8 6676492)"
7316994,87,88,TRUE,"{""bus""}",Ilmalankatu,Digiroad,2021-04-07,"LINESTRING (384425 6676479, 384434.2 6676478)"
10470925,448,447,TRUE,"{""bus""}",Mekaanikonkatu,Digiroad,2021-04-07,"LINESTRING (391858.5 6675822, 391860.5 6675828, 391859.4 6675833, 391857 6675837)"
10470927,447,445,TRUE,"{""bus""}",Muuntajankatu,Digiroad,2021-04-07,"LINESTRING (391857 6675837, 391850.4 6675839, 391844.8 6675838, 391841.3 6675836)"
10470929,446,448,TRUE,"{""bus""}",Muuntajankatu,Digiroad,2021-04-07,"LINESTRING (391842.4 6675819, 391848.7 6675817, 391854.8 6675818, 391858.5 6675822)"
10470931,445,446,TRUE,"{""bus""}",Mekaanikonkatu,Digiroad,2021-04-07,"LINESTRING (391841.3 6675836, 391838.8 6675830, 391839.4 6675824, 391842.4 6675819)"
11308955,462,459,TRUE,"{""bus""}",,Digiroad,2021-04-07,"LINESTRING (392462.7 6676157, 392437.1 6676161, 392407.4 6676168, 392365.2 6676181, 392315.9 6676196, 392275.3 6676209, 392245.8 6676221)"
11308957,460,461,TRUE,"{""bus""}",,Digiroad,2021-04-07,"LINESTRING (392258.5 6676092, 392285 6676097, 392315.4 6676106, 392348 6676111, 392389 6676115, 392429.9 6676117, 392457.2 6676120)"
11308959,461,464,TRUE,"{""bus""}",,Digiroad,2021-04-07,"LINESTRING (392457.2 6676120, 392474.9 6676122, 392531.2 6676129)"
11308961,463,462,TRUE,"{""bus""}",,Digiroad,2021-04-07,"LINESTRING (392531.2 6676147, 392503.9 6676151, 392465.3 6676156, 392462.7 6676157)"
428792,474,469,TRUE,"{""bus""}",,Digiroad,2021-04-07,"LINESTRING (393326 6676262, 393136.7 6676221, 393096.2 6676211, 393063.2 6676204)"
428795,470,475,TRUE,"{""bus""}",,Digiroad,2021-04-07,"LINESTRING (393068.4 6676167, 393073.3 6676167, 393168.1 6676173, 393215.8 6676178, 393251.3 6676180, 393285.4 6676184, 393310.5 6676185, 393326.1 6676184)"
428860,469,467,TRUE,"{""bus""}",,Digiroad,2021-04-07,"LINESTRING (393063.2 6676204, 393054.1 6676202)"
428863,468,470,TRUE,"{""bus""}",,Digiroad,2021-04-07,"LINESTRING (393058.2 6676166, 393068.4 6676167)"
429068,465,463,TRUE,"{""bus""}",Itäväylä,Digiroad,2021-04-07,"LINESTRING (392938 6676174, 392897.6 6676169, 392819.6 6676161, 392746 6676156, 392667 6676152, 392616.1 6676149, 392562.9 6676147, 392531.2 6676147)"
429070,464,466,TRUE,"{""bus""}",Itäväylä,Digiroad,2021-04-07,"LINESTRING (392531.2 6676129, 392541.3 6676129, 392557.3 6676130, 392585.3 6676131, 392632.7 6676133, 392665.7 6676135, 392759.6 6676141, 392820.9 6676146, 392899.2 6676154, 392944.5 6676160)"
429090,467,465,TRUE,"{""bus""}",,Digiroad,2021-04-07,"LINESTRING (393054.1 6676202, 393034.9 6676198, 393004.1 6676191, 392978.7 6676185, 392938 6676174)"
429093,466,468,TRUE,"{""bus""}",,Digiroad,2021-04-07,"LINESTRING (392944.5 6676160, 393006 6676163, 393058.2 6676166)"
429115,451,452,FALSE,"{""bus""}",Sahaajankatu,Digiroad,2021-04-07,"LINESTRING (391990.3 6675873, 392010 6675900, 392114.4 6676031, 392124.2 6676046, 392129.5 6676056)"
429146,460,454,FALSE,"{""bus""}",Roihuvuorentie,Digiroad,2021-04-07,"LINESTRING (392258.5 6676092, 392195.2 6676093, 392164 6676093, 392142.4 6676093)"
429163,456,457,FALSE,"{""bus""}",Sahaajankatu,Digiroad,2021-04-07,"LINESTRING (392171.3 6676139, 392173 6676142, 392197.9 6676170, 392209 6676182)"
429164,457,458,FALSE,"{""bus""}",Sahaajankatu,Digiroad,2021-04-07,"LINESTRING (392209 6676182, 392221.1 6676195)"
429169,458,459,FALSE,"{""bus""}",Sahaajankatu,Digiroad,2021-04-07,"LINESTRING (392221.1 6676195, 392227.3 6676201, 392245.8 6676221)"
429172,454,455,FALSE,"{""bus""}",Sahaajankatu,Digiroad,2021-04-07,"LINESTRING (392142.4 6676093, 392150.3 6676108, 392157.7 6676119)"
429173,455,456,FALSE,"{""bus""}",Sahaajankatu,Digiroad,2021-04-07,"LINESTRING (392157.7 6676119, 392171.3 6676139)"
429174,453,454,FALSE,"{""bus""}",Sahaajankatu,Digiroad,2021-04-07,"LINESTRING (392137.3 6676078, 392142.4 6676093)"
429175,452,453,FALSE,"{""bus""}",Sahaajankatu,Digiroad,2021-04-07,"LINESTRING (392129.5 6676056, 392137.3 6676078)"
429184,449,448,FALSE,"{""bus""}",Muuntajankatu,Digiroad,2021-04-07,"LINESTRING (391917.9 6675774, 391858.5 6675822)"
429199,450,451,FALSE,"{""bus""}",Sahaajankatu,Digiroad,2021-04-07,"LINESTRING (391926.8 6675786, 391990.3 6675873)"
429203,449,450,FALSE,"{""bus""}",Sahaajankatu,Digiroad,2021-04-07,"LINESTRING (391917.9 6675774, 391926.8 6675786)"
442505,443,446,FALSE,"{""bus""}",Mekaanikonkatu,Digiroad,2021-04-07,"LINESTRING (391581.6 6675489, 391695.8 6675636, 391842.4 6675819)"
442522,442,443,FALSE,"{""bus""}",Mekaanikonkatu,Digiroad,2021-04-07,"LINESTRING (391573.5 6675478, 391581.6 6675489)"
442535,435,442,FALSE,"{""bus""}",Mekaanikonkatu,Digiroad,2021-04-07,"LINESTRING (391441 6675306, 391573.5 6675478)"
10435432,137,135,TRUE,"{""bus""}",Pasilansilta,Digiroad,2021-04-07,"LINESTRING (385504.1 6675273, 385475.8 6675268, 385471.4 6675267, 385433.2 6675260, 385423.7 6675258, 385198.5 6675212)"
10435436,136,138,TRUE,"{""bus""}",Pasilansilta,Digiroad,2021-04-07,"LINESTRING (385204.4 6675203, 385453.4 6675254, 385493.8 6675261, 385505.9 6675263)"
10435463,146,164,TRUE,"{""bus""}",Asemapäällikönkatu,Digiroad,2021-04-07,"LINESTRING (385537.5 6675268, 385601.5 6675280)"
10435465,163,145,TRUE,"{""bus""}",Asemapäällikönkatu,Digiroad,2021-04-07,"LINESTRING (385599.3 6675292, 385535.1 6675280)"
10435493,145,142,TRUE,"{""bus""}",Asemapäällikönkatu,Digiroad,2021-04-07,"LINESTRING (385535.1 6675280, 385527.7 6675278)"
10435494,144,143,TRUE,"{""bus""}",Ratapihantie,Digiroad,2021-04-07,"LINESTRING (385531.4 6675260, 385530.1 6675266)"
10435497,143,146,TRUE,"{""bus""}",Asemapäällikönkatu,Digiroad,2021-04-07,"LINESTRING (385530.1 6675266, 385537.5 6675268)"
10435498,140,141,TRUE,"{""bus""}",Ratapihantie,Digiroad,2021-04-07,"LINESTRING (385517.5 6675265, 385518.8 6675258)"
10435500,135,132,TRUE,"{""bus""}",Pasilansilta,Digiroad,2021-04-07,"LINESTRING (385198.5 6675212, 385170.3 6675206, 385154.9 6675198)"
10435507,205,203,FALSE,"{""bus""}",Jämsänkatu,Digiroad,2021-04-07,"LINESTRING (386003 6674992, 386002.9 6674994, 386002.5 6674998, 385999.1 6675025)"
10435517,204,205,FALSE,"{""bus""}",Jämsänkatu,Digiroad,2021-04-07,"LINESTRING (386000.3 6674982, 386002.9 6674988, 386003 6674992)"
10435549,132,133,TRUE,"{""bus""}",Pasilankatu,Digiroad,2021-04-07,"LINESTRING (385154.9 6675198, 385153 6675194, 385152 6675192, 385151.9 6675190, 385152.4 6675187, 385156 6675171)"
10435551,134,132,TRUE,"{""bus""}",Pasilankatu,Digiroad,2021-04-07,"LINESTRING (385166.6 6675173, 385164.8 6675181, 385163.5 6675187, 385160.3 6675193, 385154.9 6675198)"
10435552,132,136,TRUE,"{""bus""}",Pasilansilta,Digiroad,2021-04-07,"LINESTRING (385154.9 6675198, 385174.3 6675196, 385184.8 6675199, 385191.4 6675200, 385199.6 6675202, 385204.4 6675203)"
10435569,153,144,TRUE,"{""bus""}",Ratapihantie,Digiroad,2021-04-07,"LINESTRING (385567.8 6675081, 385531.4 6675260)"
10435571,141,147,TRUE,"{""bus""}",Ratapihantie,Digiroad,2021-04-07,"LINESTRING (385518.8 6675258, 385553.7 6675079)"
10435585,160,156,TRUE,"{""bus""}",Savonkatu,Digiroad,2021-04-07,"LINESTRING (385576.8 6675027, 385574.4 6675048, 385572.9 6675058)"
10435597,155,154,TRUE,"{""bus""}",Ratapihantie,Digiroad,2021-04-07,"LINESTRING (385571.6 6675064, 385570.2 6675071)"
10435603,154,153,TRUE,"{""bus""}",Ratapihantie,Digiroad,2021-04-07,"LINESTRING (385570.2 6675071, 385567.8 6675081)"
10435607,156,155,TRUE,"{""bus""}",Savonkatu,Digiroad,2021-04-07,"LINESTRING (385572.9 6675058, 385571.6 6675064)"
10470940,210,208,TRUE,"{""bus""}",Teollisuuskatu,Digiroad,2021-04-07,"LINESTRING (386117.1 6674882, 386014.2 6674972)"
11555982,126,125,FALSE,"{""bus""}",Pasilankatu,Digiroad,2021-04-07,"LINESTRING (385118.7 6675372, 385104.1 6675441)"
11556013,130,129,FALSE,"{""bus""}",Pasilankatu,Digiroad,2021-04-07,"LINESTRING (385137.5 6675279, 385125.4 6675340)"
11556016,127,126,FALSE,"{""bus""}",Pasilankatu,Digiroad,2021-04-07,"LINESTRING (385120.9 6675362, 385118.7 6675372)"
11556019,129,128,FALSE,"{""bus""}",Pasilankatu,Digiroad,2021-04-07,"LINESTRING (385125.4 6675340, 385123 6675352)"
438831,190,185,TRUE,"{""bus""}",Ratamestarinkatu,Digiroad,2021-04-07,"LINESTRING (385830.9 6675246, 385817.3 6675318)"
438839,185,188,TRUE,"{""bus""}",Asemapäällikönkatu,Digiroad,2021-04-07,"LINESTRING (385817.3 6675318, 385819.8 6675321, 385821.7 6675326)"
438840,188,187,TRUE,"{""bus""}",Asemapäällikönkatu,Digiroad,2021-04-07,"LINESTRING (385821.7 6675326, 385821.7 6675332, 385819.1 6675338)"
438841,187,183,TRUE,"{""bus""}",Ratamestarinkatu,Digiroad,2021-04-07,"LINESTRING (385819.1 6675338, 385813.5 6675343, 385811.4 6675344)"
438850,184,186,TRUE,"{""bus""}",Ratamestarinkatu,Digiroad,2021-04-07,"LINESTRING (385816.2 6675242, 385818.9 6675231)"
438851,192,190,TRUE,"{""bus""}",Ratamestarinkatu,Digiroad,2021-04-07,"LINESTRING (385833.2 6675234, 385830.9 6675246)"
438857,182,184,TRUE,"{""bus""}",Ratamestarinkatu,Digiroad,2021-04-07,"LINESTRING (385802.7 6675313, 385816.2 6675242)"
438858,170,173,TRUE,"{""bus""}",Asemapäällikönkatu,Digiroad,2021-04-07,"LINESTRING (385670.8 6675295, 385729.3 6675307)"
438861,172,169,TRUE,"{""bus""}",Asemapäällikönkatu,Digiroad,2021-04-07,"LINESTRING (385726.8 6675319, 385668.7 6675306)"
438864,169,167,TRUE,"{""bus""}",Asemapäällikönkatu,Digiroad,2021-04-07,"LINESTRING (385668.7 6675306, 385657.4 6675304)"
438865,175,178,TRUE,"{""bus""}",Asemapäällikönkatu,Digiroad,2021-04-07,"LINESTRING (385735.8 6675308, 385791.7 6675320)"
438866,177,174,TRUE,"{""bus""}",Asemapäällikönkatu,Digiroad,2021-04-07,"LINESTRING (385789.4 6675331, 385733.8 6675320)"
438869,183,180,TRUE,"{""bus""}",Ratamestarinkatu,Digiroad,2021-04-07,"LINESTRING (385811.4 6675344, 385806.4 6675345, 385800.1 6675344, 385795.2 6675342)"
438870,177,178,TRUE,"{""bus""}",Asemapäällikönkatu,Digiroad,2021-04-07,"LINESTRING (385789.4 6675331, 385789.8 6675324, 385791.7 6675320)"
438871,180,177,TRUE,"{""bus""}",Asemapäällikönkatu,Digiroad,2021-04-07,"LINESTRING (385795.2 6675342, 385791.2 6675337, 385789.4 6675331)"
438872,182,185,TRUE,"{""bus""}",Ratamestarinkatu,Digiroad,2021-04-07,"LINESTRING (385802.7 6675313, 385810.5 6675313, 385817.3 6675318)"
438873,178,182,TRUE,"{""bus""}",Ratamestarinkatu,Digiroad,2021-04-07,"LINESTRING (385791.7 6675320, 385797.5 6675314, 385802.7 6675313)"
438874,174,172,TRUE,"{""bus""}",Asemapäällikönkatu,Digiroad,2021-04-07,"LINESTRING (385733.8 6675320, 385726.8 6675319)"
438875,173,175,TRUE,"{""bus""}",Asemapäällikönkatu,Digiroad,2021-04-07,"LINESTRING (385729.3 6675307, 385735.8 6675308)"
438882,168,170,TRUE,"{""bus""}",Asemapäällikönkatu,Digiroad,2021-04-07,"LINESTRING (385659.7 6675292, 385670.8 6675295)"
438918,164,168,TRUE,"{""bus""}",Asemapäällikönkatu,Digiroad,2021-04-07,"LINESTRING (385601.5 6675280, 385659.7 6675292)"
438919,167,163,TRUE,"{""bus""}",Asemapäällikönkatu,Digiroad,2021-04-07,"LINESTRING (385657.4 6675304, 385599.3 6675292)"
438922,138,140,TRUE,"{""bus""}",Pasilansilta,Digiroad,2021-04-07,"LINESTRING (385505.9 6675263, 385517.5 6675265)"
438923,139,137,TRUE,"{""bus""}",Pasilansilta,Digiroad,2021-04-07,"LINESTRING (385515.4 6675276, 385504.1 6675273)"
438929,142,139,TRUE,"{""bus""}",Asemapäällikönkatu,Digiroad,2021-04-07,"LINESTRING (385527.7 6675278, 385515.4 6675276)"
438930,140,143,TRUE,"{""bus""}",Asemapäällikönkatu,Digiroad,2021-04-07,"LINESTRING (385517.5 6675265, 385530.1 6675266)"
438931,139,140,TRUE,"{""bus""}",Ratapihantie,Digiroad,2021-04-07,"LINESTRING (385515.4 6675276, 385517.5 6675265)"
438932,143,142,TRUE,"{""bus""}",Ratapihantie,Digiroad,2021-04-07,"LINESTRING (385530.1 6675266, 385527.7 6675278)"
438988,125,124,FALSE,"{""bus""}",Pasilankatu,Digiroad,2021-04-07,"LINESTRING (385104.1 6675441, 385090.7 6675509)"
439027,128,127,FALSE,"{""bus""}",Pasilankatu,Digiroad,2021-04-07,"LINESTRING (385123 6675352, 385120.9 6675362)"
439314,203,201,FALSE,"{""bus""}",Jämsänkatu,Digiroad,2021-04-07,"LINESTRING (385999.1 6675025, 385988.1 6675097)"
439315,199,201,FALSE,"{""bus""}",Kumpulantie,Digiroad,2021-04-07,"LINESTRING (385947.6 6675097, 385988.1 6675097)"
439320,202,204,FALSE,"{""bus""}",Jämsänkatu,Digiroad,2021-04-07,"LINESTRING (385995.6 6674973, 386000.3 6674982)"
439321,202,206,TRUE,"{""bus""}",Teollisuuskatu,Digiroad,2021-04-07,"LINESTRING (385995.6 6674973, 386000.9 6674970, 386008.7 6674964)"
439322,208,204,TRUE,"{""bus""}",Teollisuuskatu,Digiroad,2021-04-07,"LINESTRING (386014.2 6674972, 386006.9 6674978, 386000.3 6674982)"
439370,220,216,TRUE,"{""bus""}",Teollisuuskatu,Digiroad,2021-04-07,"LINESTRING (386347.6 6674671, 386324.8 6674697, 386256.7 6674758)"
439373,216,213,TRUE,"{""bus""}",Teollisuuskatu,Digiroad,2021-04-07,"LINESTRING (386256.7 6674758, 386254.7 6674760, 386177.5 6674828)"
439377,212,215,TRUE,"{""bus""}",Teollisuuskatu,Digiroad,2021-04-07,"LINESTRING (386170.1 6674820, 386176.8 6674814, 386234.3 6674762, 386249.4 6674749)"
439378,206,209,TRUE,"{""bus""}",Teollisuuskatu,Digiroad,2021-04-07,"LINESTRING (386008.7 6674964, 386009.4 6674963, 386016.9 6674956, 386020.8 6674953, 386053.4 6674924, 386091 6674890, 386109.5 6674873)"
439383,213,210,TRUE,"{""bus""}",Teollisuuskatu,Digiroad,2021-04-07,"LINESTRING (386177.5 6674828, 386117.1 6674882)"
439388,209,212,TRUE,"{""bus""}",Teollisuuskatu,Digiroad,2021-04-07,"LINESTRING (386109.5 6674873, 386170.1 6674820)"
439391,207,200,FALSE,"{""bus""}",Aleksis Kiven katu,Digiroad,2021-04-07,"LINESTRING (386014.1 6674656, 386002.4 6674667, 385961.3 6674704)"
439392,200,198,FALSE,"{""bus""}",Aleksis Kiven katu,Digiroad,2021-04-07,"LINESTRING (385961.3 6674704, 385908.6 6674751)"
439393,198,197,FALSE,"{""bus""}",Aleksis Kiven katu,Digiroad,2021-04-07,"LINESTRING (385908.6 6674751, 385897 6674762)"
439721,214,217,TRUE,"{""bus""}",Aleksis Kiven katu,Digiroad,2021-04-07,"LINESTRING (386230.1 6674462, 386233.5 6674452, 386283.1 6674405)"
439722,218,214,TRUE,"{""bus""}",Aleksis Kiven katu,Digiroad,2021-04-07,"LINESTRING (386292 6674417, 386240.7 6674460, 386230.1 6674462)"
439726,211,207,FALSE,"{""bus""}",Aleksis Kiven katu,Digiroad,2021-04-07,"LINESTRING (386126.2 6674555, 386014.1 6674656)"
439731,214,211,FALSE,"{""bus""}",Aleksis Kiven katu,Digiroad,2021-04-07,"LINESTRING (386230.1 6674462, 386126.2 6674555)"
439772,219,218,TRUE,"{""bus""}",Aleksis Kiven katu,Digiroad,2021-04-07,"LINESTRING (386301.5 6674407, 386292 6674417)"
439928,148,150,TRUE,"{""bus""}",Savonkatu,Digiroad,2021-04-07,"LINESTRING (385557.6 6675062, 385564.6 6675026)"
439933,147,148,TRUE,"{""bus""}",Ratapihantie,Digiroad,2021-04-07,"LINESTRING (385553.7 6675079, 385557.6 6675062)"
439943,158,159,TRUE,"{""bus""}",Savonkatu,Digiroad,2021-04-07,"LINESTRING (385574.8 6674987, 385576.6 6675000)"
439946,152,151,TRUE,"{""bus""}",Savonkatu,Digiroad,2021-04-07,"LINESTRING (385566.3 6675001, 385565.9 6674988)"
439947,161,165,TRUE,"{""bus""}",Aleksis Kiven katu,Digiroad,2021-04-07,"LINESTRING (385591.2 6674973, 385638.7 6674967)"
439948,166,162,TRUE,"{""bus""}",Aleksis Kiven katu,Digiroad,2021-04-07,"LINESTRING (385640.4 6674979, 385639.5 6674979, 385592.3 6674985)"
439950,150,152,TRUE,"{""bus""}",Savonkatu,Digiroad,2021-04-07,"LINESTRING (385564.6 6675026, 385565.7 6675013, 385566.3 6675001)"
439952,159,160,TRUE,"{""bus""}",Savonkatu,Digiroad,2021-04-07,"LINESTRING (385576.6 6675000, 385577.6 6675013, 385576.8 6675027)"
439958,157,161,TRUE,"{""bus""}",Aleksis Kiven katu,Digiroad,2021-04-07,"LINESTRING (385573.8 6674974, 385591.2 6674973)"
439960,162,158,TRUE,"{""bus""}",Aleksis Kiven katu,Digiroad,2021-04-07,"LINESTRING (385592.3 6674985, 385574.8 6674987)"
439962,149,157,TRUE,"{""bus""}",Aleksis Kiven katu,Digiroad,2021-04-07,"LINESTRING (385564.5 6674975, 385573.8 6674974)"
439963,151,149,TRUE,"{""bus""}",Savonkatu,Digiroad,2021-04-07,"LINESTRING (385565.9 6674988, 385564.5 6674975)"
439980,191,195,TRUE,"{""bus""}",Ratamestarinkatu,Digiroad,2021-04-07,"LINESTRING (385832.8 6675160, 385845.8 6675107, 385854.3 6675098)"
439981,195,194,TRUE,"{""bus""}",Ratamestarinkatu,Digiroad,2021-04-07,"LINESTRING (385854.3 6675098, 385857.7 6675107, 385847.1 6675163)"
439986,193,192,TRUE,"{""bus""}",Ratamestarinkatu,Digiroad,2021-04-07,"LINESTRING (385844.9 6675173, 385833.2 6675234)"
439987,186,189,TRUE,"{""bus""}",Ratamestarinkatu,Digiroad,2021-04-07,"LINESTRING (385818.9 6675231, 385830.7 6675170)"
439991,189,191,TRUE,"{""bus""}",Ratamestarinkatu,Digiroad,2021-04-07,"LINESTRING (385830.7 6675170, 385832.8 6675160)"
439992,194,193,TRUE,"{""bus""}",Ratamestarinkatu,Digiroad,2021-04-07,"LINESTRING (385847.1 6675163, 385844.9 6675173)"
439994,199,195,FALSE,"{""bus""}",Kumpulantie,Digiroad,2021-04-07,"LINESTRING (385947.6 6675097, 385865.6 6675096, 385854.3 6675098)"
440007,196,181,FALSE,"{""bus""}",Aleksis Kiven katu,Digiroad,2021-04-07,"LINESTRING (385854.7 6674801, 385798.2 6674850)"
440008,197,196,FALSE,"{""bus""}",Aleksis Kiven katu,Digiroad,2021-04-07,"LINESTRING (385897 6674762, 385854.7 6674801)"
440015,176,171,FALSE,"{""bus""}",Aleksis Kiven katu,Digiroad,2021-04-07,"LINESTRING (385742.2 6674900, 385707.5 6674930)"
440016,179,176,FALSE,"{""bus""}",Aleksis Kiven katu,Digiroad,2021-04-07,"LINESTRING (385793.5 6674854, 385742.2 6674900)"
440017,171,166,TRUE,"{""bus""}",Aleksis Kiven katu,Digiroad,2021-04-07,"LINESTRING (385707.5 6674930, 385704 6674941, 385696.8 6674947, 385690.7 6674952, 385682.2 6674960, 385668.8 6674970, 385660.5 6674976, 385651.5 6674978, 385640.4 6674979)"
440018,165,171,TRUE,"{""bus""}",Aleksis Kiven katu,Digiroad,2021-04-07,"LINESTRING (385638.7 6674967, 385640.1 6674967, 385650.4 6674966, 385659.3 6674964, 385667.7 6674959, 385674 6674953, 385680.2 6674948, 385688.1 6674941, 385696 6674933, 385707.5 6674930)"
440020,181,179,FALSE,"{""bus""}",Aleksis Kiven katu,Digiroad,2021-04-07,"LINESTRING (385798.2 6674850, 385793.5 6674854)"
6482212,131,130,FALSE,"{""bus""}",Pasilankatu,Digiroad,2021-04-07,"LINESTRING (385150.8 6675217, 385137.5 6675279)"
6482221,132,131,FALSE,"{""bus""}",Pasilankatu,Digiroad,2021-04-07,"LINESTRING (385154.9 6675198, 385150.8 6675217)"
442538,434,435,FALSE,"{""bus""}",Mekaanikonkatu,Digiroad,2021-04-07,"LINESTRING (391406.8 6675245, 391412.6 6675258, 391441 6675306)"
442580,420,421,TRUE,"{""bus""}",Laivalahdenkatu,Digiroad,2021-04-07,"LINESTRING (391114.1 6674554, 391163.9 6674651, 391189.9 6674699, 391191 6674708)"
442581,418,421,TRUE,"{""bus""}",Laivalahdenkatu,Digiroad,2021-04-07,"LINESTRING (391103.9 6674559, 391181.6 6674703, 391191 6674708)"
442582,426,419,TRUE,"{""bus""}",Linnanrakentajantie,Digiroad,2021-04-07,"LINESTRING (391291.9 6674444, 391107.3 6674540)"
442598,405,411,TRUE,"{""bus""}",Linnanrakentajantie,Digiroad,2021-04-07,"LINESTRING (390870.4 6674616, 390926.2 6674612)"
442621,422,423,FALSE,"{""bus""}",Laivalahdenkatu,Digiroad,2021-04-07,"LINESTRING (391196.9 6674719, 391207.8 6674739, 391232.4 6674786, 391248.8 6674817)"
442630,421,422,FALSE,"{""bus""}",Laivalahdenkatu,Digiroad,2021-04-07,"LINESTRING (391191 6674708, 391196.9 6674719)"
442631,414,412,TRUE,"{""bus""}",Linnanrakentajantie,Digiroad,2021-04-07,"LINESTRING (390997.4 6674602, 390980.8 6674610, 390960.6 6674618, 390935.9 6674624)"
442639,412,409,TRUE,"{""bus""}",Linnanrakentajantie,Digiroad,2021-04-07,"LINESTRING (390935.9 6674624, 390929.4 6674625, 390916.9 6674629, 390901.1 6674635, 390885.1 6674642)"
442646,394,408,TRUE,"{""bus""}",,Digiroad,2021-04-07,"LINESTRING (390812.6 6674698, 390791.1 6674724, 390789.4 6674732, 390790.8 6674736, 390796.3 6674743, 390880.1 6674819)"
442651,406,404,FALSE,"{""bus""}",,Digiroad,2021-04-07,"LINESTRING (390870.7 6674828, 390866.1 6674831, 390860.9 6674833)"
442653,408,410,TRUE,"{""bus""}",,Digiroad,2021-04-07,"LINESTRING (390880.1 6674819, 390889.8 6674812, 390900.8 6674798, 390899.3 6674785)"
442654,408,406,FALSE,"{""bus""}",,Digiroad,2021-04-07,"LINESTRING (390880.1 6674819, 390876.3 6674823, 390870.7 6674828)"
442656,387,390,TRUE,"{""bus""}",Linnanrakentajantie,Digiroad,2021-04-07,"LINESTRING (390762 6674729, 390798.8 6674686)"
442660,396,394,TRUE,"{""bus""}",,Digiroad,2021-04-07,"LINESTRING (390820.4 6674678, 390812.6 6674698)"
442661,393,388,TRUE,"{""bus""}",Linnanrakentajantie,Digiroad,2021-04-07,"LINESTRING (390807.1 6674693, 390769.5 6674735)"
442664,387,388,FALSE,"{""bus""}",Hiihtomäentie,Digiroad,2021-04-07,"LINESTRING (390762 6674729, 390769.5 6674735)"
442665,410,398,TRUE,"{""bus""}",,Digiroad,2021-04-07,"LINESTRING (390899.3 6674785, 390825.4 6674694)"
442668,400,403,TRUE,"{""bus""}",,Digiroad,2021-04-07,"LINESTRING (390832.8 6674619, 390845.9 6674626, 390854.8 6674634, 390859.5 6674640, 390860.8 6674647, 390856.6 6674659)"
442670,401,405,TRUE,"{""bus""}",Linnanrakentajantie,Digiroad,2021-04-07,"LINESTRING (390850.5 6674617, 390870.4 6674616)"
442671,407,403,TRUE,"{""bus""}",Linnanrakentajantie,Digiroad,2021-04-07,"LINESTRING (390872.4 6674650, 390856.6 6674659)"
442676,403,399,TRUE,"{""bus""}",Linnanrakentajantie,Digiroad,2021-04-07,"LINESTRING (390856.6 6674659, 390829 6674675)"
442678,398,396,TRUE,"{""bus""}",,Digiroad,2021-04-07,"LINESTRING (390825.4 6674694, 390820.4 6674678)"
442680,399,396,TRUE,"{""bus""}",Linnanrakentajantie,Digiroad,2021-04-07,"LINESTRING (390829 6674675, 390820.4 6674678)"
442683,409,407,TRUE,"{""bus""}",Linnanrakentajantie,Digiroad,2021-04-07,"LINESTRING (390885.1 6674642, 390872.4 6674650)"
442686,400,401,TRUE,"{""bus""}",Linnanrakentajantie,Digiroad,2021-04-07,"LINESTRING (390832.8 6674619, 390850.5 6674617)"
442687,397,400,TRUE,"{""bus""}",Linnanrakentajantie,Digiroad,2021-04-07,"LINESTRING (390822 6674621, 390827.6 6674620, 390832.8 6674619)"
442688,395,400,TRUE,"{""bus""}",,Digiroad,2021-04-07,"LINESTRING (390817 6674608, 390832.8 6674619)"
442690,391,397,TRUE,"{""bus""}",Linnanrakentajantie,Digiroad,2021-04-07,"LINESTRING (390800.6 6674649, 390803.5 6674637, 390815.9 6674625, 390822 6674621)"
442693,390,392,TRUE,"{""bus""}",Linnanrakentajantie,Digiroad,2021-04-07,"LINESTRING (390798.8 6674686, 390802.8 6674676, 390801.7 6674661)"
442694,392,389,TRUE,"{""bus""}",,Digiroad,2021-04-07,"LINESTRING (390801.7 6674661, 390789.7 6674652, 390777.8 6674644)"
442695,396,392,TRUE,"{""bus""}",,Digiroad,2021-04-07,"LINESTRING (390820.4 6674678, 390801.7 6674661)"
442696,396,393,TRUE,"{""bus""}",Linnanrakentajantie,Digiroad,2021-04-07,"LINESTRING (390820.4 6674678, 390807.1 6674693)"
442698,392,391,TRUE,"{""bus""}",Linnanrakentajantie,Digiroad,2021-04-07,"LINESTRING (390801.7 6674661, 390801 6674655, 390800.6 6674649)"
442709,444,440,FALSE,"{""bus""}",Asentajankatu,Digiroad,2021-04-07,"LINESTRING (391613.6 6675119, 391600 6675130, 391576.5 6675146, 391546.3 6675166, 391527.1 6675179, 391509.8 6675189, 391496.2 6675196)"
442710,423,431,FALSE,"{""bus""}",Laivalahdenkatu,Digiroad,2021-04-07,"LINESTRING (391248.8 6674817, 391355 6675020, 391387.8 6675082, 391388 6675083)"
442711,441,444,FALSE,"{""bus""}",Sorvaajankatu,Digiroad,2021-04-07,"LINESTRING (391496.4 6674726, 391536.5 6675031, 391540.7 6675040, 391604.6 6675103, 391613.6 6675119)"
442712,433,434,FALSE,"{""bus""}",Mekaanikonkatu,Digiroad,2021-04-07,"LINESTRING (391396.5 6675122, 391395.7 6675144, 391393.6 6675171, 391392.9 6675200, 391397.1 6675220, 391406.8 6675245)"
442721,440,434,FALSE,"{""bus""}",Asentajankatu,Digiroad,2021-04-07,"LINESTRING (391496.2 6675196, 391406.8 6675245)"
442724,432,433,FALSE,"{""bus""}",Mekaanikonkatu,Digiroad,2021-04-07,"LINESTRING (391392.7 6675101, 391396.5 6675122)"
442730,431,432,FALSE,"{""bus""}",Laivalahdenkatu,Digiroad,2021-04-07,"LINESTRING (391388 6675083, 391392.7 6675101)"
442760,439,441,FALSE,"{""bus""}",Sorvaajankatu,Digiroad,2021-04-07,"LINESTRING (391479.5 6674600, 391496.4 6674726)"
442775,437,430,TRUE,"{""bus""}",Abraham Wetterin tie,Digiroad,2021-04-07,"LINESTRING (391462.1 6674468, 391461 6674468, 391454.2 6674468, 391370.3 6674461, 391336.2 6674457)"
442776,429,436,TRUE,"{""bus""}",Abraham Wetterin tie,Digiroad,2021-04-07,"LINESTRING (391314.7 6674439, 391315.3 6674439, 391335.5 6674444, 391366.8 6674449, 391404.2 6674452, 391461.6 6674456)"
442783,438,439,FALSE,"{""bus""}",Sorvaajankatu,Digiroad,2021-04-07,"LINESTRING (391463 6674475, 391464.7 6674487, 391479.5 6674600)"
442789,437,438,FALSE,"{""bus""}",Sorvaajankatu,Digiroad,2021-04-07,"LINESTRING (391462.1 6674468, 391463 6674475)"
442790,436,437,FALSE,"{""bus""}",Sorvaajankatu,Digiroad,2021-04-07,"LINESTRING (391461.6 6674456, 391462.1 6674468)"
442798,428,426,TRUE,"{""bus""}",Abraham Wetterin tie,Digiroad,2021-04-07,"LINESTRING (391305.7 6674450, 391291.9 6674444)"
442799,424,425,TRUE,"{""bus""}",Linnanrakentajantie,Digiroad,2021-04-07,"LINESTRING (391271.7 6674433, 391284.8 6674426, 391285.4 6674425)"
442801,427,426,TRUE,"{""bus""}",Linnanrakentajantie,Digiroad,2021-04-07,"LINESTRING (391303.4 6674433, 391296.8 6674440, 391291.9 6674444)"
442803,425,427,TRUE,"{""bus""}",Abraham Wetterin tie,Digiroad,2021-04-07,"LINESTRING (391285.4 6674425, 391303.4 6674433)"
442806,430,428,TRUE,"{""bus""}",Abraham Wetterin tie,Digiroad,2021-04-07,"LINESTRING (391336.2 6674457, 391325.9 6674455, 391312.4 6674452, 391305.7 6674450)"
442809,427,429,TRUE,"{""bus""}",Abraham Wetterin tie,Digiroad,2021-04-07,"LINESTRING (391303.4 6674433, 391314.7 6674439)"
442931,386,395,TRUE,"{""bus""}",,Digiroad,2021-04-07,"LINESTRING (390609.4 6674541, 390635.8 6674542, 390677.4 6674550, 390713.5 6674559, 390748.8 6674572, 390776.6 6674585, 390798.6 6674597, 390817 6674608)"
442934,389,385,TRUE,"{""bus""}",,Digiroad,2021-04-07,"LINESTRING (390777.8 6674644, 390748.8 6674626, 390714.4 6674609, 390680 6674591, 390655.3 6674581, 390638.8 6674574, 390620.6 6674568, 390603.3 6674559)"
442954,417,424,TRUE,"{""bus""}",Linnanrakentajantie,Digiroad,2021-04-07,"LINESTRING (391098.9 6674525, 391161.4 6674491, 391210.9 6674465, 391251.9 6674443, 391261.6 6674438, 391265.5 6674436, 391268.9 6674434, 391271.7 6674433)"
442956,416,414,TRUE,"{""bus""}",Linnanrakentajantie,Digiroad,2021-04-07,"LINESTRING (391096.5 6674547, 390997.4 6674602)"
442960,413,415,TRUE,"{""bus""}",Linnanrakentajantie,Digiroad,2021-04-07,"LINESTRING (390993.2 6674585, 391088.1 6674531)"
442961,411,413,TRUE,"{""bus""}",Linnanrakentajantie,Digiroad,2021-04-07,"LINESTRING (390926.2 6674612, 390946.5 6674608, 390962.1 6674604, 390981.2 6674593, 390993.2 6674585)"
442969,417,419,TRUE,"{""bus""}",,Digiroad,2021-04-07,"LINESTRING (391098.9 6674525, 391107.3 6674540)"
442970,415,417,TRUE,"{""bus""}",Linnanrakentajantie,Digiroad,2021-04-07,"LINESTRING (391088.1 6674531, 391098.9 6674525)"
442971,416,415,TRUE,"{""bus""}",,Digiroad,2021-04-07,"LINESTRING (391096.5 6674547, 391088.1 6674531)"
442972,419,420,TRUE,"{""bus""}",Laivalahdenkatu,Digiroad,2021-04-07,"LINESTRING (391107.3 6674540, 391114.1 6674554)"
442973,416,418,TRUE,"{""bus""}",Laivalahdenkatu,Digiroad,2021-04-07,"LINESTRING (391096.5 6674547, 391103.9 6674559)"
442974,419,416,TRUE,"{""bus""}",Linnanrakentajantie,Digiroad,2021-04-07,"LINESTRING (391107.3 6674540, 391096.5 6674547)"
443068,375,372,TRUE,"{""bus""}",Itäväylä,Digiroad,2021-04-07,"LINESTRING (390049.3 6674227, 389991.3 6674196, 389947.2 6674178, 389894.1 6674160, 389835.8 6674141)"
443074,374,376,TRUE,"{""bus""}",Itäväylä,Digiroad,2021-04-07,"LINESTRING (389882.8 6674135, 389915.8 6674149, 389966.5 6674171, 390005.5 6674190, 390055.5 6674216)"
443098,380,382,TRUE,"{""bus""}",Itäväylä,Digiroad,2021-04-07,"LINESTRING (390216.7 6674319, 390227.7 6674325, 390285.6 6674362, 390316.8 6674382, 390339.3 6674397)"
443099,379,377,TRUE,"{""bus""}",Itäväylä,Digiroad,2021-04-07,"LINESTRING (390206 6674333, 390129.8 6674280, 390108.3 6674264)"
443103,381,379,TRUE,"{""bus""}",,Digiroad,2021-04-07,"LINESTRING (390319.9 6674448, 390305.3 6674440, 390288.3 6674424, 390267.2 6674404, 390248.1 6674386, 390226.3 6674366, 390214.8 6674353, 390206 6674333)"
443104,378,380,TRUE,"{""bus""}",Itäväylä,Digiroad,2021-04-07,"LINESTRING (390115.4 6674253, 390216.7 6674319)"
443121,383,386,TRUE,"{""bus""}",Itäväylä,Digiroad,2021-04-07,"LINESTRING (390361.1 6674412, 390407.6 6674441, 390445.1 6674465, 390488 6674490, 390530.7 6674514, 390570.1 6674529, 390609.4 6674541)"
443122,384,381,TRUE,"{""bus""}",,Digiroad,2021-04-07,"LINESTRING (390503.3 6674527, 390471.3 6674522, 390458.3 6674518, 390451.8 6674516, 390430.1 6674509, 390410.7 6674501, 390385.8 6674489, 390357.3 6674472, 390332.1 6674456, 390319.9 6674448)"
443127,385,384,TRUE,"{""bus""}",Itäväylä,Digiroad,2021-04-07,"LINESTRING (390603.3 6674559, 390570.2 6674549, 390532.2 6674537, 390503.3 6674527)"
443135,382,383,TRUE,"{""bus""}",Itäväylä,Digiroad,2021-04-07,"LINESTRING (390339.3 6674397, 390361.1 6674412)"
443143,376,378,TRUE,"{""bus""}",Itäväylä,Digiroad,2021-04-07,"LINESTRING (390055.5 6674216, 390115.4 6674253)"
443145,377,375,TRUE,"{""bus""}",Itäväylä,Digiroad,2021-04-07,"LINESTRING (390108.3 6674264, 390049.3 6674227)"
443167,373,374,TRUE,"{""bus""}",Itäväylä,Digiroad,2021-04-07,"LINESTRING (389842.3 6674119, 389870.9 6674130, 389882.8 6674135)"
443168,372,370,TRUE,"{""bus""}",Itäväylä,Digiroad,2021-04-07,"LINESTRING (389835.8 6674141, 389807.9 6674134)"
443169,371,373,TRUE,"{""bus""}",Itäväylä,Digiroad,2021-04-07,"LINESTRING (389815.9 6674111, 389842.3 6674119)"
6482367,388,402,FALSE,"{""bus""}",Hiihtomäentie,Digiroad,2021-04-07,"LINESTRING (390769.5 6674735, 390770.7 6674736, 390840.9 6674802, 390849.1 6674810, 390856.2 6674822, 390856.5 6674823)"
6482371,402,404,FALSE,"{""bus""}",Hiihtomäentie,Digiroad,2021-04-07,"LINESTRING (390856.5 6674823, 390860.9 6674833)"
10470947,341,342,FALSE,"{""bus""}",Aallonhalkoja,Digiroad,2021-04-07,"LINESTRING (387935.7 6673455, 387938.1 6673461)"
11056027,344,345,FALSE,"{""bus""}",,Digiroad,2021-04-07,"LINESTRING (387944.5 6673485, 387945.7 6673489)"
11056029,343,344,FALSE,"{""bus""}",,Digiroad,2021-04-07,"LINESTRING (387942.8 6673478, 387944.1 6673483, 387944.5 6673485)"
12148653,305,326,FALSE,"{""bus""}",Aallonhalkoja,Digiroad,2021-04-07,"LINESTRING (387779.2 6673048, 387844.5 6673123, 387851 6673136, 387855.9 6673152, 387875.6 6673219)"
12148670,332,337,FALSE,"{""bus""}",Aallonhalkoja,Digiroad,2021-04-07,"LINESTRING (387895.6 6673297, 387916.4 6673377)"
12148675,337,341,FALSE,"{""bus""}",Aallonhalkoja,Digiroad,2021-04-07,"LINESTRING (387916.4 6673377, 387935.7 6673455)"
12148677,327,332,FALSE,"{""bus""}",Aallonhalkoja,Digiroad,2021-04-07,"LINESTRING (387877.9 6673228, 387895.6 6673297)"
12148678,326,327,FALSE,"{""bus""}",Aallonhalkoja,Digiroad,2021-04-07,"LINESTRING (387875.6 6673219, 387877.9 6673228)"
440667,342,343,FALSE,"{""bus""}",,Digiroad,2021-04-07,"LINESTRING (387938.1 6673461, 387942.8 6673478)"
10828756,4,5,FALSE,"{""bus""}",Pajamäentie,Digiroad,2021-04-07,"LINESTRING (381368.5 6677729, 381425.1 6677735, 381444.4 6677742, 381467.4 6677773)"
10828760,5,6,FALSE,"{""bus""}",Pajamäentie,Digiroad,2021-04-07,"LINESTRING (381467.4 6677773, 381487.6 6677801)"
428460,502,504,TRUE,"{""bus""}",Tallinnanaukio,Digiroad,2021-04-07,"LINESTRING (393431 6676378, 393441.2 6676383, 393455.2 6676390, 393467.3 6676396, 393473.7 6676399, 393481.6 6676402, 393486.8 6676402, 393488.7 6676401, 393491.2 6676398, 393493.4 6676394, 393494.3 6676393)"
428461,504,505,TRUE,"{""bus""}",Tallinnanaukio,Digiroad,2021-04-07,"LINESTRING (393494.3 6676393, 393502.4 6676376)"
428464,505,506,TRUE,"{""bus""}",Tallinnanaukio,Digiroad,2021-04-07,"LINESTRING (393502.4 6676376, 393511.8 6676358)"
428466,502,501,FALSE,"{""bus""}",,Digiroad,2021-04-07,"LINESTRING (393431 6676378, 393425.4 6676390)"
428467,500,490,TRUE,"{""bus""}",Turunlinnantie,Digiroad,2021-04-07,"LINESTRING (393419.7 6676401, 393388.2 6676385, 393353.6 6676367, 393349.4 6676365)"
428468,501,500,FALSE,"{""bus""}",,Digiroad,2021-04-07,"LINESTRING (393425.4 6676390, 393419.7 6676401)"
428469,490,482,TRUE,"{""bus""}",Turunlinnantie,Digiroad,2021-04-07,"LINESTRING (393349.4 6676365, 393337.2 6676358)"
428482,482,473,TRUE,"{""bus""}",Kajaaninlinnantie,Digiroad,2021-04-07,"LINESTRING (393337.2 6676358, 393334.5 6676360, 393332.5 6676360, 393330.2 6676360, 393328.1 6676360, 393326.2 6676360, 393324.8 6676360, 393323.6 6676359)"
428793,486,484,TRUE,"{""bus""}",Marjaniementie,Digiroad,2021-04-07,"LINESTRING (393340.8 6676192, 393340.3 6676253)"
428794,478,477,TRUE,"{""bus""}",Marjaniementie,Digiroad,2021-04-07,"LINESTRING (393330.8 6676253, 393330.7 6676192)"
428802,476,479,TRUE,"{""bus""}",Marjaniementie,Digiroad,2021-04-07,"LINESTRING (393326.5 6676336, 393331.6 6676271)"
428803,483,481,TRUE,"{""bus""}",Marjaniementie,Digiroad,2021-04-07,"LINESTRING (393340 6676272, 393336 6676337)"
428807,476,481,TRUE,"{""bus""}",Turunlinnantie,Digiroad,2021-04-07,"LINESTRING (393326.5 6676336, 393332.4 6676336, 393334.2 6676337, 393336 6676337)"
428808,481,487,TRUE,"{""bus""}",Turunlinnantie,Digiroad,2021-04-07,"LINESTRING (393336 6676337, 393336.2 6676337, 393337.9 6676339, 393339.3 6676340, 393340.4 6676342, 393341.1 6676343, 393341.6 6676345, 393341.9 6676347, 393341.8 6676349)"
428810,473,471,TRUE,"{""bus""}",Raaseporintie,Digiroad,2021-04-07,"LINESTRING (393323.6 6676359, 393321.3 6676358, 393319.9 6676356, 393318.8 6676355, 393318 6676353, 393317.6 6676351, 393317.2 6676349, 393317.3 6676348)"
428812,487,492,TRUE,"{""bus""}",Turunlinnantie,Digiroad,2021-04-07,"LINESTRING (393341.8 6676349, 393354.4 6676355)"
428813,487,482,TRUE,"{""bus""}",Turunlinnantie,Digiroad,2021-04-07,"LINESTRING (393341.8 6676349, 393341.5 6676351, 393340.7 6676353, 393339.7 6676355, 393338.4 6676357, 393337.2 6676358)"
428814,491,493,TRUE,"{""bus""}",Tallinnanaukio,Digiroad,2021-04-07,"LINESTRING (393352.2 6676323, 393350.5 6676328, 393351.3 6676333, 393355 6676340)"
428816,471,472,TRUE,"{""bus""}",Raaseporintie,Digiroad,2021-04-07,"LINESTRING (393317.3 6676348, 393317.6 6676345, 393318 6676344, 393318.6 6676342, 393319.5 6676341, 393320 6676340)"
428817,472,476,TRUE,"{""bus""}",Marjaniementie,Digiroad,2021-04-07,"LINESTRING (393320 6676340, 393321.6 6676338, 393323.5 6676337, 393324.7 6676336, 393325.5 6676336, 393326.5 6676336)"
428820,478,484,TRUE,"{""bus""}",Marjaniementie,Digiroad,2021-04-07,"LINESTRING (393330.8 6676253, 393332.6 6676252, 393334.3 6676252, 393335.7 6676252, 393338 6676252, 393340.1 6676253, 393340.3 6676253)"
428821,483,479,TRUE,"{""bus""}",Marjaniementie,Digiroad,2021-04-07,"LINESTRING (393340 6676272, 393338.3 6676272, 393336.3 6676272, 393334.7 6676272, 393332.3 6676272, 393331.6 6676271)"
428822,479,474,TRUE,"{""bus""}",Marjaniementie,Digiroad,2021-04-07,"LINESTRING (393331.6 6676271, 393330.4 6676271, 393328.7 6676269, 393327.3 6676268, 393326.5 6676266, 393326.1 6676264, 393326 6676262)"
428823,474,478,TRUE,"{""bus""}",Marjaniementie,Digiroad,2021-04-07,"LINESTRING (393326 6676262, 393326.3 6676260, 393326.7 6676258, 393327.8 6676256, 393329 6676254, 393330.4 6676253, 393330.8 6676253)"
428824,488,483,TRUE,"{""bus""}",Marjaniementie,Digiroad,2021-04-07,"LINESTRING (393346.6 6676261, 393346.6 6676263, 393346.4 6676265, 393345.9 6676266, 393344.9 6676268, 393343.5 6676270, 393342 6676271, 393340 6676272)"
428825,484,488,TRUE,"{""bus""}",Marjaniementie,Digiroad,2021-04-07,"LINESTRING (393340.3 6676253, 393342 6676253, 393343.4 6676254, 393344.6 6676256, 393345.4 6676257, 393346.2 6676259, 393346.5 6676260, 393346.6 6676261)"
428833,477,475,TRUE,"{""bus""}",Marjaniementie,Digiroad,2021-04-07,"LINESTRING (393330.7 6676192, 393329.5 6676191, 393327.9 6676189, 393326.8 6676187, 393326.1 6676184)"
428837,486,477,TRUE,"{""bus""}",Marjaniementie,Digiroad,2021-04-07,"LINESTRING (393340.8 6676192, 393340.6 6676192, 393338.6 6676193, 393337 6676193, 393334.2 6676193, 393331.9 6676192, 393330.7 6676192)"
428838,480,485,TRUE,"{""bus""}",Marjaniementie,Digiroad,2021-04-07,"LINESTRING (393331.9 6676174, 393333 6676174, 393336.3 6676173, 393340.6 6676174)"
428842,475,480,TRUE,"{""bus""}",Marjaniementie,Digiroad,2021-04-07,"LINESTRING (393326.1 6676184, 393326.4 6676181, 393327.5 6676177, 393329.5 6676175, 393331.9 6676174)"
428876,491,504,TRUE,"{""bus""}",,Digiroad,2021-04-07,"LINESTRING (393352.2 6676323, 393494.3 6676393)"
428877,506,499,TRUE,"{""bus""}",Tallinnanaukio,Digiroad,2021-04-07,"LINESTRING (393511.8 6676358, 393513.5 6676354, 393514.7 6676349, 393514.1 6676348, 393511 6676344, 393505.8 6676341, 393494.8 6676335, 393475.5 6676326, 393434.7 6676305, 393393.8 6676283, 393390.4 6676282)"
428878,503,497,TRUE,"{""bus""}",,Digiroad,2021-04-07,"LINESTRING (393486.2 6676345, 393457.3 6676330, 393423.8 6676313, 393404.4 6676303, 393373.8 6676287)"
428879,493,502,TRUE,"{""bus""}",Tallinnanaukio,Digiroad,2021-04-07,"LINESTRING (393355 6676340, 393431 6676378)"
428880,492,501,TRUE,"{""bus""}",Turunlinnantie,Digiroad,2021-04-07,"LINESTRING (393354.4 6676355, 393389.5 6676373, 393425.4 6676390)"
428881,506,503,TRUE,"{""bus""}",,Digiroad,2021-04-07,"LINESTRING (393511.8 6676358, 393488.5 6676346, 393486.2 6676345)"
428882,499,497,TRUE,"{""bus""}",Tallinnanaukio,Digiroad,2021-04-07,"LINESTRING (393390.4 6676282, 393380.5 6676281, 393376 6676284, 393373.8 6676287)"
428883,499,498,TRUE,"{""bus""}",Tallinnanaukio,Digiroad,2021-04-07,"LINESTRING (393390.4 6676282, 393379.2 6676274, 393376.4 6676270, 393374.9 6676264)"
428888,496,491,TRUE,"{""bus""}",Tallinnanaukio,Digiroad,2021-04-07,"LINESTRING (393368.7 6676295, 393361.7 6676306, 393355.7 6676317, 393352.2 6676323)"
428889,497,496,TRUE,"{""bus""}",Tallinnanaukio,Digiroad,2021-04-07,"LINESTRING (393373.8 6676287, 393371 6676291, 393368.7 6676295)"
428890,495,497,TRUE,"{""bus""}",,Digiroad,2021-04-07,"LINESTRING (393367.5 6676276, 393368.4 6676278, 393371.2 6676283, 393373.8 6676287)"
428893,488,494,FALSE,"{""bus""}",Itäkatu,Digiroad,2021-04-07,"LINESTRING (393346.6 6676261, 393363.4 6676262)"
428894,494,498,FALSE,"{""bus""}",Itäkatu,Digiroad,2021-04-07,"LINESTRING (393363.4 6676262, 393371.5 6676263, 393374.9 6676264)"
428895,494,495,TRUE,"{""bus""}",,Digiroad,2021-04-07,"LINESTRING (393363.4 6676262, 393364.2 6676266, 393366.1 6676272, 393367.5 6676276)"
449603,13,10,TRUE,"{""bus""}",Pitäjänmäentie,Digiroad,2021-04-07,"LINESTRING (381638 6677788, 381613 6677807, 381571.3 6677839, 381557.9 6677855, 381555.5 6677859)"
449604,11,12,TRUE,"{""bus""}",Pitäjänmäentie,Digiroad,2021-04-07,"LINESTRING (381584.6 6677817, 381606.8 6677800, 381632 6677780)"
449627,16,18,TRUE,"{""bus""}",Pitäjänmäentie,Digiroad,2021-04-07,"LINESTRING (381650.4 6677765, 381769.6 6677671, 381793.4 6677652)"
449628,19,17,TRUE,"{""bus""}",Pitäjänmäentie,Digiroad,2021-04-07,"LINESTRING (381800.1 6677660, 381784.8 6677672, 381656 6677774)"
449640,21,19,TRUE,"{""bus""}",Pitäjänmäentie,Digiroad,2021-04-07,"LINESTRING (381815.4 6677648, 381805.6 6677656, 381800.1 6677660)"
449641,18,20,TRUE,"{""bus""}",Pitäjänmäentie,Digiroad,2021-04-07,"LINESTRING (381793.4 6677652, 381808.2 6677639)"
449647,15,13,TRUE,"{""bus""}",Pitäjänmäentie,Digiroad,2021-04-07,"LINESTRING (381646.8 6677781, 381638 6677788)"
449650,17,15,TRUE,"{""bus""}",Pitäjänmäentie,Digiroad,2021-04-07,"LINESTRING (381656 6677774, 381646.8 6677781)"
449651,14,16,TRUE,"{""bus""}",Pitäjänmäentie,Digiroad,2021-04-07,"LINESTRING (381640.9 6677773, 381650.4 6677765)"
449654,12,14,TRUE,"{""bus""}",Pitäjänmäentie,Digiroad,2021-04-07,"LINESTRING (381632 6677780, 381640.9 6677773)"
449664,9,11,TRUE,"{""bus""}",Pitäjänmäentie,Digiroad,2021-04-07,"LINESTRING (381550.8 6677848, 381559.9 6677836, 381564.4 6677832, 381584.6 6677817)"
449675,8,9,TRUE,"{""bus""}",Pajamäentie,Digiroad,2021-04-07,"LINESTRING (381515.4 6677824, 381527.3 6677831, 381541.4 6677840, 381550.8 6677848)"
449679,9,10,TRUE,"{""bus""}",Pajamäentie,Digiroad,2021-04-07,"LINESTRING (381550.8 6677848, 381552.1 6677849, 381555.5 6677859)"
449684,8,11,TRUE,"{""bus""}",Pajamäentie,Digiroad,2021-04-07,"LINESTRING (381515.4 6677824, 381533.2 6677830, 381552.9 6677830, 381567.1 6677825, 381584.6 6677817)"
449689,6,7,TRUE,"{""bus""}",Pajamäentie,Digiroad,2021-04-07,"LINESTRING (381487.6 6677801, 381502.2 6677814, 381506.4 6677817)"
449690,7,8,TRUE,"{""bus""}",Pajamäentie,Digiroad,2021-04-07,"LINESTRING (381506.4 6677817, 381515.4 6677824)"
449768,29,27,TRUE,"{""bus""}",Pitäjänmäentie,Digiroad,2021-04-07,"LINESTRING (382290.6 6677287, 382270.9 6677300, 382225.7 6677330, 382192.5 6677354, 382158.7 6677378, 382115.2 6677411, 382078.9 6677440, 382052.6 6677461, 382019.4 6677487, 381974.2 6677522)"
449769,26,28,TRUE,"{""bus""}",Pitäjänmäentie,Digiroad,2021-04-07,"LINESTRING (381968.2 6677514, 382012.4 6677479, 382072.1 6677433, 382109 6677404, 382155.3 6677368, 382186.1 6677346, 382219.2 6677322, 382265.6 6677292, 382287.7 6677278)"
449783,27,25,TRUE,"{""bus""}",Pitäjänmäentie,Digiroad,2021-04-07,"LINESTRING (381974.2 6677522, 381916.7 6677568)"
449784,24,26,TRUE,"{""bus""}",Pitäjänmäentie,Digiroad,2021-04-07,"LINESTRING (381910 6677560, 381968.2 6677514)"
449811,33,31,TRUE,"{""bus""}",Pitäjänmäentie,Digiroad,2021-04-07,"LINESTRING (382475 6677171, 382459.8 6677181, 382439.1 6677193, 382412.2 6677210)"
449812,30,32,TRUE,"{""bus""}",Pitäjänmäentie,Digiroad,2021-04-07,"LINESTRING (382406.8 6677202, 382434.2 6677184, 382452.8 6677172, 382468.7 6677162)"
449813,35,33,TRUE,"{""bus""}",Pitäjänmäentie,Digiroad,2021-04-07,"LINESTRING (382619.7 6677115, 382612.7 6677115, 382593.7 6677118, 382569.3 6677125, 382547.3 6677134, 382524.2 6677144, 382503.1 6677155, 382475 6677171)"
449816,31,29,TRUE,"{""bus""}",Pitäjänmäentie,Digiroad,2021-04-07,"LINESTRING (382412.2 6677210, 382362.3 6677243, 382332.6 6677261, 382290.6 6677287)"
449817,28,30,TRUE,"{""bus""}",Pitäjänmäentie,Digiroad,2021-04-07,"LINESTRING (382287.7 6677278, 382329.5 6677251, 382354.9 6677235, 382406.8 6677202)"
449831,32,34,TRUE,"{""bus""}",Pitäjänmäentie,Digiroad,2021-04-07,"LINESTRING (382468.7 6677162, 382499.6 6677144, 382518.9 6677135, 382541.8 6677124, 382563.3 6677116, 382588.8 6677109, 382618.8 6677104)"
449834,37,35,TRUE,"{""bus""}",Pitäjänmäentie,Digiroad,2021-04-07,"LINESTRING (382633.2 6677114, 382619.7 6677115)"
449835,34,36,TRUE,"{""bus""}",Pitäjänmäentie,Digiroad,2021-04-07,"LINESTRING (382618.8 6677104, 382632.9 6677103)"
449879,20,22,TRUE,"{""bus""}",Pitäjänmäentie,Digiroad,2021-04-07,"LINESTRING (381808.2 6677639, 381893.2 6677573)"
449880,23,21,TRUE,"{""bus""}",Pitäjänmäentie,Digiroad,2021-04-07,"LINESTRING (381900.4 6677581, 381815.4 6677648)"
449885,22,24,TRUE,"{""bus""}",Pitäjänmäentie,Digiroad,2021-04-07,"LINESTRING (381893.2 6677573, 381910 6677560)"
449888,25,23,TRUE,"{""bus""}",Pitäjänmäentie,Digiroad,2021-04-07,"LINESTRING (381916.7 6677568, 381900.4 6677581)"
450149,40,37,TRUE,"{""bus""}",Pitäjänmäentie,Digiroad,2021-04-07,"LINESTRING (382724.8 6677136, 382705.2 6677126, 382683.8 6677118, 382655.8 6677113, 382633.2 6677114)"
450163,44,42,TRUE,"{""bus""}",,Digiroad,2021-04-07,"LINESTRING (382799.1 6677150, 382785.3 6677154, 382772 6677156, 382750.8 6677154)"
450171,47,49,TRUE,"{""bus""}",Vihdintie,Digiroad,2021-04-07,"LINESTRING (382827.8 6677048, 382834.9 6677066, 382839 6677083, 382838.3 6677102)"
450172,45,44,TRUE,"{""bus""}",Vihdintie,Digiroad,2021-04-07,"LINESTRING (382816.7 6677139, 382807.9 6677144, 382799.1 6677150)"
450173,43,47,TRUE,"{""bus""}",,Digiroad,2021-04-07,"LINESTRING (382779.8 6677020, 382802.6 6677030, 382815.4 6677038, 382827.8 6677048)"
450174,38,39,TRUE,"{""bus""}",Vihdintie,Digiroad,2021-04-07,"LINESTRING (382704.7 6677079, 382707.2 6677069, 382710.4 6677058)"
450175,43,46,TRUE,"{""bus""}",Vihdintie,Digiroad,2021-04-07,"LINESTRING (382779.8 6677020, 382802.9 6677013, 382820.9 6677003, 382824.6 6677000)"
450178,40,38,TRUE,"{""bus""}",Vihdintie,Digiroad,2021-04-07,"LINESTRING (382724.8 6677136, 382714.5 6677119, 382707.9 6677103, 382704.7 6677079)"
450179,42,40,TRUE,"{""bus""}",Vihdintie,Digiroad,2021-04-07,"LINESTRING (382750.8 6677154, 382733.6 6677144, 382724.8 6677136)"
450180,49,45,TRUE,"{""bus""}",Vihdintie,Digiroad,2021-04-07,"LINESTRING (382838.3 6677102, 382830.1 6677121, 382816.7 6677139)"
450183,48,47,TRUE,"{""bus""}",Vihdintie,Digiroad,2021-04-07,"LINESTRING (382838.2 6677012, 382831.8 6677023, 382827.8 6677048)"
450188,41,43,TRUE,"{""bus""}",Vihdintie,Digiroad,2021-04-07,"LINESTRING (382732.1 6677030, 382759.7 6677021, 382779.8 6677020)"
450192,39,41,TRUE,"{""bus""}",Vihdintie,Digiroad,2021-04-07,"LINESTRING (382710.4 6677058, 382719.5 6677044, 382732.1 6677030)"
450195,36,38,TRUE,"{""bus""}",Pitäjänmäentie,Digiroad,2021-04-07,"LINESTRING (382632.9 6677103, 382642.8 6677102, 382678 6677102, 382690.1 6677097, 382695.9 6677092, 382704.7 6677079)"
450214,46,50,TRUE,"{""bus""}",Vihdintie,Digiroad,2021-04-07,"LINESTRING (382824.6 6677000, 382838.1 6676987, 382852.5 6676967, 382865 6676945, 382878.3 6676919, 382903 6676867, 382920.5 6676829)"
450220,52,48,TRUE,"{""bus""}",Vihdintie,Digiroad,2021-04-07,"LINESTRING (382970.6 6676745, 382947 6676796, 382927.8 6676837, 382912.3 6676870, 382886.5 6676924, 382871.9 6676956, 382859.2 6676981, 382843.4 6677004, 382838.2 6677012)"
450254,50,51,TRUE,"{""bus""}",Vihdintie,Digiroad,2021-04-07,"LINESTRING (382920.5 6676829, 382938.9 6676791, 382961.7 6676741)"
450262,56,54,TRUE,"{""bus""}",Vihdintie,Digiroad,2021-04-07,"LINESTRING (383165.2 6676535, 383113.8 6676549, 383090 6676557, 383075.4 6676563, 383073.3 6676564, 383068.4 6676566)"
450264,51,53,TRUE,"{""bus""}",Vihdintie,Digiroad,2021-04-07,"LINESTRING (382961.7 6676741, 382985.4 6676683, 383002.1 6676640, 383008.7 6676625, 383013.7 6676613, 383019.6 6676603, 383027.1 6676592, 383036.1 6676581, 383047.1 6676569, 383060.6 6676558)"
450265,54,52,TRUE,"{""bus""}",Vihdintie,Digiroad,2021-04-07,"LINESTRING (383068.4 6676566, 383062.9 6676570, 383058.3 6676574, 383046.9 6676585, 383033.7 6676600, 383025.2 6676615, 383012.6 6676644, 382994.7 6676688, 382970.6 6676745)"
450288,53,55,TRUE,"{""bus""}",Vihdintie,Digiroad,2021-04-07,"LINESTRING (383060.6 6676558, 383082.9 6676546, 383105 6676537, 383130.1 6676529, 383160.8 6676521)"
450291,58,56,TRUE,"{""bus""}",Vihdintie,Digiroad,2021-04-07,"LINESTRING (383181 6676530, 383165.2 6676535)"
450295,55,57,TRUE,"{""bus""}",Vihdintie,Digiroad,2021-04-07,"LINESTRING (383160.8 6676521, 383177.3 6676516)"
451398,1,2,FALSE,"{""bus""}",,Digiroad,2021-04-07,"LINESTRING (381161.3 6677697, 381172.5 6677726, 381190.7 6677729, 381200.9 6677730)"
451399,1,3,FALSE,"{""bus""}",Pajamäentie,Digiroad,2021-04-07,"LINESTRING (381161.3 6677697, 381177.1 6677703, 381195.2 6677707, 381219.2 6677710)"
451405,3,4,FALSE,"{""bus""}",Pajamäentie,Digiroad,2021-04-07,"LINESTRING (381219.2 6677710, 381368.5 6677729)"
451409,3,2,FALSE,"{""bus""}",,Digiroad,2021-04-07,"LINESTRING (381219.2 6677710, 381202.7 6677730, 381200.9 6677730)"
6776605,489,486,TRUE,"{""bus""}",Marjaniementie,Digiroad,2021-04-07,"LINESTRING (393346.6 6676183, 393346.5 6676185, 393346 6676188, 393344.7 6676190, 393342.8 6676191, 393340.8 6676192)"
6776612,485,489,TRUE,"{""bus""}",Marjaniementie,Digiroad,2021-04-07,"LINESTRING (393340.6 6676174, 393342.6 6676174, 393344.3 6676176, 393345.5 6676178, 393346.5 6676180, 393346.6 6676183, 393346.6 6676183)"
2,278,279,TRUE,"{""bus""}",Sörnäisten rantatie,Manual,2021-04-07,"LINESTRING (387447.6 6674107, 387451.4 6674116, 387455.5 6674123)"
1,275,277,TRUE,"{""bus""}",Pääskylänkatu,Manual,2021-04-07,"LINESTRING (387435.4 6674105, 387447.6 6674107)"
